{
	"__comment": "Designed by Philosophical",
	"parent": "block/orientable",
	"ambientocclusion": false,
	"textures": {
		"particle": "block/pumpkin_side",
		"front": "block/carved_pumpkin",
		"side": "block/pumpkin_side",
		"top": "block/pumpkin_top",
		"stem": "block/pumpkin_stem1"
	},
	"elements": [
		{
			"__comment": "Cube2",
			"from": [ 0, 0, 0 ],
			"to": [ 16, 2, 1 ],
			"faces": {
				"down": { "uv": [ 0, 15, 16, 16 ], "texture": "#top" },
				"up": { "uv": [ 16, 14, 0, 15 ], "texture": "#front" },
				"north": { "uv": [ 0, 14, 16, 16 ], "texture": "#front" },
				"south": { "uv": [ 7, 11, 8.5, 12.5 ], "texture": "#front" },
				"west": { "uv": [ 0, 14, 1, 16 ], "texture": "#side" },
				"east": { "uv": [ 15, 14, 16, 16 ], "texture": "#side" }
			}
		},
		{
			"__comment": "Cube3",
			"from": [ 0, 2, 0 ],
			"to": [ 6, 3, 1 ],
			"faces": {
				"up": { "uv": [ 16, 13, 10, 14 ], "texture": "#front" },
				"north": { "uv": [ 10, 13, 16, 14 ], "texture": "#front" },
				"south": { "uv": [ 6, 11.5, 7.5, 12.5 ], "texture": "#front" },
				"west": { "uv": [ 0, 13, 1, 14 ], "texture": "#front" },
				"east": { "uv": [ 10, 13, 11, 14 ], "texture": "#front" }
			}
		},
		{
			"__comment": "Cube3",
			"from": [ 10, 2, 0 ],
			"to": [ 16, 3, 1 ],
			"faces": {
				"up": { "uv": [ 6, 13, 0, 14 ], "texture": "#front" },
				"north": { "uv": [ 0, 13, 6, 14 ], "texture": "#front" },
				"south": { "uv": [ 6, 11.5, 7.5, 12.5 ], "texture": "#front" },
				"west": { "uv": [ 5, 13, 6, 14 ], "texture": "#front" },
				"east": { "uv": [ 0, 15, 1, 16 ], "texture": "#front" }
			}
		},
		{
			"__comment": "Cube3",
			"from": [ 0, 3, 0 ],
			"to": [ 4, 4, 1 ],
			"faces": {
				"up": { "uv": [ 16, 12, 12, 13 ], "texture": "#front" },
				"north": { "uv": [ 12, 12, 16, 13 ], "texture": "#front" },
				"south": { "uv": [ 6, 11.5, 7.5, 12.5 ], "texture": "#front" },
				"west": { "uv": [ 15, 12, 16, 13 ], "texture": "#front" },
				"east": { "uv": [ 12, 12, 13, 13 ], "texture": "#front" }
			}
		},
		{
			"__comment": "Cube3",
			"from": [ 12, 3, 0 ],
			"to": [ 16, 4, 1 ],
			"faces": {
				"up": { "uv": [ 4, 12, 0, 13 ], "texture": "#front" },
				"north": { "uv": [ 0, 12, 4, 13 ], "texture": "#front" },
				"south": { "uv": [ 6, 11.5, 7.5, 12.5 ], "texture": "#front" },
				"west": { "uv": [ 3, 12, 4, 13 ], "texture": "#front" },
				"east": { "uv": [ 15, 11.5, 16, 12.5 ], "texture": "#front" }
			}
		},
		{
			"__comment": "Cube3",
			"from": [ 0, 4, 0 ],
			"to": [ 3, 5, 1 ],
			"faces": {
				"up": { "uv": [ 16, 11, 13, 12 ], "texture": "#front" },
				"north": { "uv": [ 13, 11, 16, 12 ], "texture": "#front" },
				"south": { "uv": [ 6, 11.5, 7.5, 12.5 ], "texture": "#front" },
				"west": { "uv": [ 15, 12, 16, 13 ], "texture": "#front" },
				"east": { "uv": [ 13, 11, 14, 12 ], "texture": "#front" }
			}
		},
		{
			"__comment": "Cube3",
			"from": [ 13, 4, 0 ],
			"to": [ 16, 5, 1 ],
			"faces": {
				"up": { "uv": [ 3, 11, 0, 12 ], "texture": "#front" },
				"north": { "uv": [ 0, 11, 3, 12 ], "texture": "#front" },
				"south": { "uv": [ 6, 11.5, 7.5, 12.5 ], "texture": "#front" },
				"west": { "uv": [ 2, 11, 3, 12 ], "texture": "#front" },
				"east": { "uv": [ 0, 11, 1, 12 ], "texture": "#front" }
			}
		},
		{
			"__comment": "Cube3",
			"from": [ 0, 5, 0 ],
			"to": [ 2, 6, 1 ],
			"faces": {
				"north": { "uv": [ 14, 10, 16, 11 ], "texture": "#front" },
				"south": { "uv": [ 6, 11.5, 7.5, 12.5 ], "texture": "#front" },
				"west": { "uv": [ 15, 12, 16, 13 ], "texture": "#front" },
				"east": { "uv": [ 14, 10, 15, 11 ], "texture": "#front" }
			}
		},
		{
			"__comment": "Cube3",
			"from": [ 14, 5, 0 ],
			"to": [ 16, 6, 1 ],
			"faces": {
				"north": { "uv": [ 0, 10, 2, 11 ], "texture": "#front" },
				"south": { "uv": [ 6, 11.5, 7.5, 12.5 ], "texture": "#front" },
				"west": { "uv": [ 1, 10, 2, 11 ], "texture": "#front" },
				"east": { "uv": [ 0, 10, 1, 11 ], "texture": "#front" }
			}
		},
		{
			"__comment": "Cube3",
			"from": [ 0, 6, 0 ],
			"to": [ 2, 7, 1 ],
			"faces": {
				"north": { "uv": [ 14, 9, 16, 10 ], "texture": "#front" },
				"south": { "uv": [ 6, 11.5, 7.5, 12.5 ], "texture": "#front" },
				"west": { "uv": [ 15, 9, 16, 10 ], "texture": "#front" },
				"east": { "uv": [ 14, 9, 15, 10 ], "texture": "#front" }
			}
		},
		{
			"__comment": "Cube3",
			"from": [ 14, 6, 0 ],
			"to": [ 16, 7, 1 ],
			"faces": {
				"north": { "uv": [ 0, 9, 2, 10 ], "texture": "#front" },
				"south": { "uv": [ 6, 11.5, 7.5, 12.5 ], "texture": "#front" },
				"west": { "uv": [ 1, 9, 2, 10 ], "texture": "#front" },
				"east": { "uv": [ 0, 9, 1, 10 ], "texture": "#front" }
			}
		},
		{
			"__comment": "Cube3",
			"from": [ 14, 7, 0 ],
			"to": [ 16, 8, 1 ],
			"faces": {
				"north": { "uv": [ 0, 8, 2, 9 ], "texture": "#front" },
				"south": { "uv": [ 6, 11.5, 7.5, 12.5 ], "texture": "#front" },
				"west": { "uv": [ 1, 8, 2, 9 ], "texture": "#front" },
				"east": { "uv": [ 0, 8, 1, 9 ], "texture": "#front" }
			}
		},
		{
			"__comment": "Cube3",
			"from": [ 0, 7, 0 ],
			"to": [ 2, 8, 1 ],
			"faces": {
				"north": { "uv": [ 14, 8, 16, 9 ], "texture": "#front" },
				"south": { "uv": [ 6, 11.5, 7.5, 12.5 ], "texture": "#front" },
				"west": { "uv": [ 15, 8, 16, 9 ], "texture": "#front" },
				"east": { "uv": [ 14, 8, 15, 9 ], "texture": "#front" }
			}
		},
		{
			"__comment": "Cube3",
			"from": [ 5, 6, 0 ],
			"to": [ 11, 7, 1 ],
			"faces": {
				"down": { "uv": [ 11, 9, 5, 10 ], "texture": "#front" },
				"north": { "uv": [ 5, 9, 11, 10 ], "texture": "#front" },
				"south": { "uv": [ 7, 11.5, 8.5, 12.5 ], "texture": "#front" },
				"west": { "uv": [ 10, 9, 11, 10 ], "texture": "#front" },
				"east": { "uv": [ 5, 9, 6, 10 ], "texture": "#front" }
			}
		},
		{
			"__comment": "Cube3",
			"from": [ 3, 7, 0 ],
			"to": [ 13, 8, 1 ],
			"faces": {
				"down": { "uv": [ 13, 8, 3, 9 ], "texture": "#front" },
				"north": { "uv": [ 3, 8, 13, 9 ], "texture": "#front" },
				"south": { "uv": [ 7, 11.5, 8.5, 12.5 ], "texture": "#front" },
				"west": { "uv": [ 12, 8, 13, 9 ], "texture": "#front" },
				"east": { "uv": [ 3, 8, 4, 9 ], "texture": "#front" }
			}
		},
		{
			"__comment": "Cube3",
			"from": [ 0, 8, 0 ],
			"to": [ 16, 9, 1 ],
			"faces": {
				"down": { "uv": [ 16, 7, 0, 8 ], "texture": "#front" },
				"up": { "uv": [ 16, 7, 0, 8 ], "texture": "#front" },
				"north": { "uv": [ 0, 7, 16, 8 ], "texture": "#front" },
				"south": { "uv": [ 7, 11.5, 8.5, 12.5 ], "texture": "#front" },
				"west": { "uv": [ 15, 7, 16, 8 ], "texture": "#front" },
				"east": { "uv": [ 0, 7, 1, 8 ], "texture": "#front" }
			}
		},
		{
			"__comment": "Cube3",
			"from": [ 12, 9, 0 ],
			"to": [ 16, 10, 1 ],
			"faces": {
				"up": { "uv": [ 4, 6, 0, 7 ], "texture": "#front" },
				"north": { "uv": [ 0, 6, 4, 7 ], "texture": "#front" },
				"south": { "uv": [ 6, 11.5, 7.5, 12.5 ], "texture": "#front" },
				"west": { "uv": [ 3, 6, 4, 7 ], "texture": "#front" },
				"east": { "uv": [ 0, 6, 1, 7 ], "texture": "#front" }
			}
		},
		{
			"__comment": "Cube3",
			"from": [ 0, 9, 0 ],
			"to": [ 4, 10, 1 ],
			"faces": {
				"up": { "uv": [ 16, 6, 12, 7 ], "texture": "#front" },
				"north": { "uv": [ 12, 6, 16, 7 ], "texture": "#front" },
				"south": { "uv": [ 6, 11.5, 7.5, 12.5 ], "texture": "#front" },
				"west": { "uv": [ 15, 6, 16, 7 ], "texture": "#front" },
				"east": { "uv": [ 12, 6, 13, 7 ], "texture": "#front" }
			}
		},
		{
			"__comment": "Cube3",
			"from": [ 7, 9, 0 ],
			"to": [ 9, 10, 1 ],
			"faces": {
				"north": { "uv": [ 7, 6, 9, 7 ], "texture": "#front" },
				"south": { "uv": [ 6, 11.5, 7.5, 12.5 ], "texture": "#front" },
				"west": { "uv": [ 8, 6, 9, 7 ], "texture": "#front" },
				"east": { "uv": [ 7, 6, 8, 7 ], "texture": "#front" }
			}
		},
		{
			"__comment": "Cube3",
			"from": [ 13, 10, 0 ],
			"to": [ 16, 11, 1 ],
			"faces": {
				"up": { "uv": [ 3, 5, 0, 6 ], "texture": "#front" },
				"north": { "uv": [ 0, 5, 3, 6 ], "texture": "#front" },
				"south": { "uv": [ 6, 11.5, 7.5, 12.5 ], "texture": "#front" },
				"west": { "uv": [ 2, 5, 3, 6 ], "texture": "#front" },
				"east": { "uv": [ 0, 5, 1, 6 ], "texture": "#front" }
			}
		},
		{
			"__comment": "Cube3",
			"from": [ 0, 10, 0 ],
			"to": [ 3, 11, 1 ],
			"faces": {
				"up": { "uv": [ 16, 5, 13, 6 ], "texture": "#front" },
				"north": { "uv": [ 13, 5, 16, 6 ], "texture": "#front" },
				"south": { "uv": [ 6, 11.5, 7.5, 12.5 ], "texture": "#front" },
				"west": { "uv": [ 15, 5, 16, 6 ], "texture": "#front" },
				"east": { "uv": [ 13, 5, 14, 6 ], "texture": "#front" }
			}
		},
		{
			"__comment": "Cube3",
			"from": [ 7, 10, 0 ],
			"to": [ 9, 11, 1 ],
			"faces": {
				"north": { "uv": [ 7, 5, 9, 6 ], "texture": "#front" },
				"south": { "uv": [ 6, 11.5, 7.5, 12.5 ], "texture": "#front" },
				"west": { "uv": [ 8, 6, 9, 7 ], "texture": "#front" },
				"east": { "uv": [ 7, 6, 8, 7 ], "texture": "#front" }
			}
		},
		{
			"__comment": "Cube3",
			"from": [ 6, 11, 0 ],
			"to": [ 10, 12, 1 ],
			"faces": {
				"down": { "uv": [ 10, 4, 6, 5 ], "texture": "#front" },
				"north": { "uv": [ 6, 4, 10, 5 ], "texture": "#front" },
				"south": { "uv": [ 7, 11.5, 8.5, 12.5 ], "texture": "#front" },
				"west": { "uv": [ 9, 4, 10, 5 ], "texture": "#front" },
				"east": { "uv": [ 6, 4, 7, 5 ], "texture": "#front" }
			}
		},
		{
			"__comment": "Cube3",
			"from": [ 14, 11, 0 ],
			"to": [ 16, 12, 1 ],
			"faces": {
				"north": { "uv": [ 0, 4, 2, 5 ], "texture": "#front" },
				"south": { "uv": [ 6, 11.5, 7.5, 12.5 ], "texture": "#front" },
				"west": { "uv": [ 1, 4, 2, 5 ], "texture": "#front" },
				"east": { "uv": [ 0, 4, 1, 5 ], "texture": "#front" }
			}
		},
		{
			"__comment": "Cube3",
			"from": [ 0, 11, 0 ],
			"to": [ 2, 12, 1 ],
			"faces": {
				"north": { "uv": [ 14, 4, 16, 5 ], "texture": "#front" },
				"south": { "uv": [ 6, 11.5, 7.5, 12.5 ], "texture": "#front" },
				"west": { "uv": [ 15, 4, 16, 5 ], "texture": "#front" },
				"east": { "uv": [ 14, 4, 15, 5 ], "texture": "#front" }
			}
		},
		{
			"__comment": "Cube3",
			"from": [ 3, 12, 0 ],
			"to": [ 13, 13, 1 ],
			"faces": {
				"down": { "uv": [ 13, 3, 3, 4 ], "texture": "#front" },
				"north": { "uv": [ 3, 3, 13, 4 ], "texture": "#front" },
				"south": { "uv": [ 7, 11.5, 8.5, 12.5 ], "texture": "#front" },
				"west": { "uv": [ 12, 3, 13, 4 ], "texture": "#front" },
				"east": { "uv": [ 3, 3, 4, 4 ], "texture": "#front" }
			}
		},
		{
			"__comment": "Cube3",
			"from": [ 14, 12, 0 ],
			"to": [ 16, 13, 1 ],
			"faces": {
				"north": { "uv": [ 0, 3, 2, 4 ], "texture": "#front" },
				"south": { "uv": [ 6, 11.5, 7.5, 12.5 ], "texture": "#front" },
				"west": { "uv": [ 1, 3, 2, 4 ], "texture": "#front" },
				"east": { "uv": [ 0, 3.5, 1, 4.5 ], "texture": "#front" }
			}
		},
		{
			"__comment": "Cube3",
			"from": [ 0, 12, 0 ],
			"to": [ 2, 13, 1 ],
			"faces": {
				"north": { "uv": [ 14, 4, 16, 5 ], "texture": "#front" },
				"south": { "uv": [ 6, 11.5, 7.5, 12.5 ], "texture": "#front" },
				"west": { "uv": [ 15, 4, 16, 5 ], "texture": "#front" },
				"east": { "uv": [ 14, 4, 15, 5 ], "texture": "#front" }
			}
		},
		{
			"__comment": "Cube2",
			"from": [ 0, 13, 0 ],
			"to": [ 16, 16, 1 ],
			"faces": {
				"down": { "uv": [ 16, 2, 0, 3 ], "texture": "#front" },
				"up": { "uv": [ 0, 0, 16, 1 ], "texture": "#top" },
				"north": { "uv": [ 0, 0, 16, 3 ], "texture": "#front" },
				"south": { "uv": [ 7, 11, 8.5, 12.5 ], "texture": "#front" },
				"west": { "uv": [ 15, 0, 16, 3 ], "texture": "#front" },
				"east": { "uv": [ 0, 0, 1, 3 ], "texture": "#front" }
			}
		},
		{
			"__comment": "Cube32",
			"from": [ 0, 0, 1 ],
			"to": [ 1, 16, 15 ],
			"faces": {
				"down": { "uv": [ 0, 1, 1, 15 ], "texture": "#top" },
				"up": { "uv": [ 0, 1, 1, 15 ], "texture": "#top" },
				"west": { "uv": [ 1, 0, 15, 16 ], "texture": "#side" },
				"east": { "uv": [ 7.5, 11, 9, 12.5 ], "texture": "#front" }
			}
		},
		{
			"__comment": "Cube32",
			"from": [ 15, 0, 1 ],
			"to": [ 16, 16, 15 ],
			"faces": {
				"down": { "uv": [ 15, 1, 16, 15 ], "texture": "#top" },
				"up": { "uv": [ 15, 1, 16, 15 ], "texture": "#top" },
				"west": { "uv": [ 7.5, 11, 9, 12.5 ], "texture": "#front" },
				"east": { "uv": [ 1, 0, 15, 16 ], "texture": "#side" }
			}
		},
		{
			"__comment": "Cube34",
			"from": [ 0, 0, 15 ],
			"to": [ 16, 16, 16 ],
			"faces": {
				"down": { "uv": [ 0, 0, 16, 1 ], "texture": "#top" },
				"up": { "uv": [ 0, 15, 16, 16 ], "texture": "#top" },
				"north": { "uv": [ 7, 11, 9, 13 ], "texture": "#front" },
				"south": { "uv": [ 0, 0, 16, 16 ], "texture": "#side" },
				"west": { "uv": [ 15, 0, 16, 16 ], "texture": "#side" },
				"east": { "uv": [ 0, 0, 1, 16 ], "texture": "#side" }
			}
		},
		{
			"__comment": "Cube35",
			"from": [ 1, 15, 1 ],
			"to": [ 15, 16, 15 ],
			"faces": {
				"down": { "uv": [ 7.5, 11.5, 9, 13 ], "texture": "#front" },
				"up": { "uv": [ 1, 1, 15, 15 ], "texture": "#top" }
			}
		},
		{
			"__comment": "Cube35",
			"from": [ 1, 0, 1 ],
			"to": [ 15, 1, 15 ],
			"faces": {
				"down": { "uv": [ 1, 1, 15, 15 ], "texture": "#top" },
				"up": { "uv": [ 7, 11, 8.5, 12.5 ], "texture": "#front" }
			}
		},
		{
			"__comment": "Cube35",
			"from": [ 1, 1, 1 ],
			"to": [ 15, 15, 2 ],
			"faces": {
				"north": { "uv": [ 1, 1, 15, 15 ], "texture": "#front" }
			}
		},
		{
			"__comment": "Cube36",
			"from": [ 6.5, 16, 6.5 ],
			"to": [ 9.5, 20, 9.5 ],
			"faces": {
				"up": { "uv": [ 7, 0, 10, 3 ], "texture": "#stem" },
				"north": { "uv": [ 7, 3, 10, 7 ], "texture": "#stem" },
				"south": { "uv": [ 7, 3, 10, 7 ], "texture": "#stem" },
				"west": { "uv": [ 10, 5, 7, 9 ], "texture": "#stem" },
				"east": { "uv": [ 10, 5, 7, 9 ], "texture": "#stem" }
			}
		}
	]
}