{
    "texture_size": [16, 32],
    "textures": {
        "0": "minecraft:block/cattail_1",
        "particle": "minecraft:block/cattail_1"
    },
    "elements": [
        {   "from": [ 4, 0, 0 ],
            "to": [ 4, 32, 16 ],
            "ambientocclusion": false,
            "shade": false,
            "faces": {
                "west": { "uv": [ 0, 0, 16, 16 ], "texture": "#0" },
                "east": { "uv": [ 16, 0, 0, 16 ], "texture": "#0" }
            }
        },
        {   "from": [ 12, 0, 0 ],
            "to": [ 12, 32, 16 ],
            "ambientocclusion": false,
            "shade": false,
            "faces": {
                "west": { "uv": [ 16, 0, 0, 16 ], "texture": "#0" },
                "east": { "uv": [ 0, 0, 16, 16 ], "texture": "#0" }
            }
        },
        {   "from": [ 0, 0, 4 ],
            "to": [ 16, 32, 4 ],
            "ambientocclusion": false,
            "shade": false,
            "faces": {
                "north": { "uv": [ 0, 0, 16, 16 ], "texture": "#0" },
                "south": { "uv": [ 16, 0, 0, 16 ], "texture": "#0" }
            }
        },
        {   "from": [ 0, 0, 12 ],
            "to": [ 16, 32, 12 ],
            "ambientocclusion": false,
            "shade": false,
            "faces": {
                "north": { "uv": [ 16, 0, 0, 16 ], "texture": "#0" },
                "south": { "uv": [ 0, 0, 16, 16 ], "texture": "#0" }
            }
        }
    ]
}
