{
	"__comment": "Designed by Cm@BlackSpigotMC with Cubik Studio - https://cubik.studio",
	"textures": {
		"particle": "block/chain",
		"texture": "block/chain"
	},
	"elements": [
		{
			"__comment": "Cube9",
			"from": [ 6.5, 0, 7.5 ],
			"to": [ 7.5, 2, 8.5 ],
			"faces": {
				"down": { "uv": [ 5, 15, 6, 16 ], "texture": "#texture" },
				"up": { "uv": [ 5, 14, 6, 15 ], "texture": "#texture" },
				"north": { "uv": [ 5, 14, 6, 16 ], "texture": "#texture" },
				"south": { "uv": [ 5, 14, 6, 16 ], "texture": "#texture" },
				"west": { "uv": [ 5, 14, 6, 16 ], "texture": "#texture" },
				"east": { "uv": [ 5, 14, 6, 16 ], "texture": "#texture" }
			}
		},
		{
			"__comment": "Cube10",
			"from": [ 7.5, 1, 7.5 ],
			"to": [ 8.5, 2, 8.5 ],
			"faces": {
				"down": { "uv": [ 4, 14, 5, 15 ], "texture": "#texture" },
				"up": { "uv": [ 4, 14, 5, 15 ], "texture": "#texture" },
				"north": { "uv": [ 4, 14, 5, 15 ], "texture": "#texture" },
				"south": { "uv": [ 4, 14, 5, 15 ], "texture": "#texture" }
			}
		},
		{
			"__comment": "Cube11",
			"from": [ 8.5, 0, 7.5 ],
			"to": [ 9.5, 2, 8.5 ],
			"faces": {
				"down": { "uv": [ 3, 15, 4, 16 ], "texture": "#texture" },
				"up": { "uv": [ 3, 14, 4, 15 ], "texture": "#texture" },
				"north": { "uv": [ 3, 14, 4, 16 ], "texture": "#texture" },
				"south": { "uv": [ 3, 14, 4, 16 ], "texture": "#texture" },
				"west": { "uv": [ 3, 14, 4, 16 ], "texture": "#texture" },
				"east": { "uv": [ 3, 14, 4, 16 ], "texture": "#texture" }
			}
		},
		{
			"__comment": "Cube9",
			"from": [ 7.5, 1, 8.5 ],
			"to": [ 8.5, 4, 9.5 ],
			"faces": {
				"down": { "uv": [ 0, 14, 1, 15 ], "texture": "#texture" },
				"up": { "uv": [ 0, 12, 1, 13 ], "texture": "#texture" },
				"north": { "uv": [ 0, 12, 1, 15 ], "texture": "#texture" },
				"south": { "uv": [ 0, 12, 1, 15 ], "texture": "#texture" },
				"west": { "uv": [ 0, 12, 1, 15 ], "texture": "#texture" },
				"east": { "uv": [ 0, 12, 1, 15 ], "texture": "#texture" }
			}
		},
		{
			"__comment": "Cube10",
			"from": [ 7.5, 1, 6.5 ],
			"to": [ 8.5, 4, 7.5 ],
			"faces": {
				"down": { "uv": [ 2, 14, 3, 15 ], "texture": "#texture" },
				"up": { "uv": [ 2, 12, 3, 13 ], "texture": "#texture" },
				"north": { "uv": [ 2, 12, 3, 15 ], "texture": "#texture" },
				"south": { "uv": [ 2, 12, 3, 15 ], "texture": "#texture" },
				"west": { "uv": [ 2, 12, 3, 15 ], "texture": "#texture" },
				"east": { "uv": [ 2, 12, 3, 15 ], "texture": "#texture" }
			}
		},
		{
			"__comment": "Cube11",
			"from": [ 7.5, 3, 7.5 ],
			"to": [ 8.5, 4, 8.5 ],
			"faces": {
				"down": { "uv": [ 1, 12, 2, 13 ], "texture": "#texture" },
				"up": { "uv": [ 1, 12, 2, 13 ], "texture": "#texture" },
				"west": { "uv": [ 1, 12, 2, 13 ], "texture": "#texture" },
				"east": { "uv": [ 1, 12, 2, 13 ], "texture": "#texture" }
			}
		},
		{
			"__comment": "Cube12",
			"from": [ 6.5, 3, 7.5 ],
			"to": [ 7.5, 7, 8.5 ],
			"faces": {
				"down": { "uv": [ 5, 12, 6, 13 ], "texture": "#texture" },
				"up": { "uv": [ 5, 9, 6, 10 ], "texture": "#texture" },
				"north": { "uv": [ 5, 9, 6, 13 ], "texture": "#texture" },
				"south": { "uv": [ 5, 9, 6, 13 ], "texture": "#texture" },
				"west": { "uv": [ 5, 9, 6, 13 ], "texture": "#texture" },
				"east": { "uv": [ 5, 9, 6, 13 ], "texture": "#texture" }
			}
		},
		{
			"__comment": "Cube13",
			"from": [ 8.5, 3, 7.5 ],
			"to": [ 9.5, 7, 8.5 ],
			"faces": {
				"down": { "uv": [ 3, 12, 4, 13 ], "texture": "#texture" },
				"up": { "uv": [ 3, 9, 4, 10 ], "texture": "#texture" },
				"north": { "uv": [ 3, 9, 4, 13 ], "texture": "#texture" },
				"south": { "uv": [ 3, 9, 4, 13 ], "texture": "#texture" },
				"west": { "uv": [ 3, 9, 4, 13 ], "texture": "#texture" },
				"east": { "uv": [ 3, 9, 4, 13 ], "texture": "#texture" }
			}
		},
		{
			"__comment": "Cube14",
			"from": [ 7.5, 6, 7.5 ],
			"to": [ 8.5, 7, 8.5 ],
			"faces": {
				"down": { "uv": [ 4, 9, 5, 10 ], "texture": "#texture" },
				"up": { "uv": [ 4, 9, 5, 10 ], "texture": "#texture" },
				"north": { "uv": [ 4, 9, 5, 10 ], "texture": "#texture" },
				"south": { "uv": [ 4, 9, 5, 10 ], "texture": "#texture" }
			}
		},
		{
			"__comment": "Cube12",
			"from": [ 7.5, 6, 6.5 ],
			"to": [ 8.5, 10, 7.5 ],
			"faces": {
				"down": { "uv": [ 2, 9, 3, 10 ], "texture": "#texture" },
				"up": { "uv": [ 2, 6, 3, 7 ], "texture": "#texture" },
				"north": { "uv": [ 2, 6, 3, 10 ], "texture": "#texture" },
				"south": { "uv": [ 2, 6, 3, 10 ], "texture": "#texture" },
				"west": { "uv": [ 2, 6, 3, 10 ], "texture": "#texture" },
				"east": { "uv": [ 2, 6, 3, 10 ], "texture": "#texture" }
			}
		},
		{
			"__comment": "Cube13",
			"from": [ 7.5, 6, 8.5 ],
			"to": [ 8.5, 10, 9.5 ],
			"faces": {
				"down": { "uv": [ 0, 9, 1, 10 ], "texture": "#texture" },
				"up": { "uv": [ 0, 6, 1, 7 ], "texture": "#texture" },
				"north": { "uv": [ 0, 6, 1, 10 ], "texture": "#texture" },
				"south": { "uv": [ 0, 6, 1, 10 ], "texture": "#texture" },
				"west": { "uv": [ 0, 6, 1, 10 ], "texture": "#texture" },
				"east": { "uv": [ 0, 6, 1, 10 ], "texture": "#texture" }
			}
		},
		{
			"__comment": "Cube14",
			"from": [ 7.5, 9, 7.5 ],
			"to": [ 8.5, 10, 8.5 ],
			"faces": {
				"down": { "uv": [ 1, 6, 2, 7 ], "texture": "#texture" },
				"up": { "uv": [ 1, 6, 2, 7 ], "texture": "#texture" },
				"west": { "uv": [ 1, 6, 2, 7 ], "texture": "#texture" },
				"east": { "uv": [ 1, 6, 2, 7 ], "texture": "#texture" }
			}
		},
		{
			"__comment": "Cube12",
			"from": [ 6.5, 9, 7.5 ],
			"to": [ 7.5, 13, 8.5 ],
			"faces": {
				"down": { "uv": [ 5, 6, 6, 7 ], "texture": "#texture" },
				"up": { "uv": [ 5, 3, 6, 4 ], "texture": "#texture" },
				"north": { "uv": [ 5, 3, 6, 7 ], "texture": "#texture" },
				"south": { "uv": [ 5, 3, 6, 7 ], "texture": "#texture" },
				"west": { "uv": [ 5, 3, 6, 7 ], "texture": "#texture" },
				"east": { "uv": [ 5, 3, 6, 7 ], "texture": "#texture" }
			}
		},
		{
			"__comment": "Cube13",
			"from": [ 8.5, 9, 7.5 ],
			"to": [ 9.5, 13, 8.5 ],
			"faces": {
				"down": { "uv": [ 3, 6, 4, 7 ], "texture": "#texture" },
				"up": { "uv": [ 3, 3, 4, 4 ], "texture": "#texture" },
				"north": { "uv": [ 3, 3, 4, 7 ], "texture": "#texture" },
				"south": { "uv": [ 3, 3, 4, 7 ], "texture": "#texture" },
				"west": { "uv": [ 3, 3, 4, 7 ], "texture": "#texture" },
				"east": { "uv": [ 3, 3, 4, 7 ], "texture": "#texture" }
			}
		},
		{
			"__comment": "Cube14",
			"from": [ 7.5, 12, 7.5 ],
			"to": [ 8.5, 13, 8.5 ],
			"faces": {
				"down": { "uv": [ 4, 3, 5, 4 ], "texture": "#texture" },
				"up": { "uv": [ 4, 3, 5, 4 ], "texture": "#texture" },
				"north": { "uv": [ 4, 3, 5, 4 ], "texture": "#texture" },
				"south": { "uv": [ 4, 3, 5, 4 ], "texture": "#texture" }
			}
		},
		{
			"__comment": "Cube9",
			"from": [ 7.5, 12, 8.5 ],
			"to": [ 8.5, 15, 9.5 ],
			"faces": {
				"down": { "uv": [ 0, 3, 1, 4 ], "texture": "#texture" },
				"up": { "uv": [ 0, 1, 1, 2 ], "texture": "#texture" },
				"north": { "uv": [ 0, 1, 1, 4 ], "texture": "#texture" },
				"south": { "uv": [ 0, 1, 1, 4 ], "texture": "#texture" },
				"west": { "uv": [ 0, 1, 1, 4 ], "texture": "#texture" },
				"east": { "uv": [ 0, 1, 1, 4 ], "texture": "#texture" }
			}
		},
		{
			"__comment": "Cube10",
			"from": [ 7.5, 12, 6.5 ],
			"to": [ 8.5, 15, 7.5 ],
			"faces": {
				"down": { "uv": [ 2, 3, 3, 4 ], "texture": "#texture" },
				"up": { "uv": [ 2, 1, 3, 2 ], "texture": "#texture" },
				"north": { "uv": [ 2, 1, 3, 4 ], "texture": "#texture" },
				"south": { "uv": [ 2, 1, 3, 4 ], "texture": "#texture" },
				"west": { "uv": [ 2, 1, 3, 4 ], "texture": "#texture" },
				"east": { "uv": [ 2, 1, 3, 4 ], "texture": "#texture" }
			}
		},
		{
			"__comment": "Cube11",
			"from": [ 7.5, 14, 7.5 ],
			"to": [ 8.5, 15, 8.5 ],
			"faces": {
				"down": { "uv": [ 1, 1, 2, 2 ], "texture": "#texture" },
				"up": { "uv": [ 1, 1, 2, 2 ], "texture": "#texture" },
				"west": { "uv": [ 1, 1, 2, 2 ], "texture": "#texture" },
				"east": { "uv": [ 1, 1, 2, 2 ], "texture": "#texture" }
			}
		},
		{
			"__comment": "Cube9",
			"from": [ 6.5, 14, 7.5 ],
			"to": [ 7.5, 16, 8.5 ],
			"faces": {
				"down": { "uv": [ 5, 1, 6, 2 ], "texture": "#texture" },
				"up": { "uv": [ 5, 0, 6, 1 ], "texture": "#texture" },
				"north": { "uv": [ 5, 0, 6, 2 ], "texture": "#texture" },
				"south": { "uv": [ 5, 0, 6, 2 ], "texture": "#texture" },
				"west": { "uv": [ 5, 0, 6, 2 ], "texture": "#texture" },
				"east": { "uv": [ 5, 0, 6, 2 ], "texture": "#texture" }
			}
		},
		{
			"__comment": "Cube11",
			"from": [ 8.5, 14, 7.5 ],
			"to": [ 9.5, 16, 8.5 ],
			"faces": {
				"down": { "uv": [ 3, 1, 4, 2 ], "texture": "#texture" },
				"up": { "uv": [ 3, 0, 4, 1 ], "texture": "#texture" },
				"north": { "uv": [ 3, 0, 4, 2 ], "texture": "#texture" },
				"south": { "uv": [ 3, 0, 4, 2 ], "texture": "#texture" },
				"west": { "uv": [ 3, 0, 4, 2 ], "texture": "#texture" },
				"east": { "uv": [ 3, 0, 4, 2 ], "texture": "#texture" }
			}
		}
	]
}