{
	"credit": "Made with Blockbench",
	"ambientocclusion": false,
	"textures": {
		"particle": "#crop"
	},
	"elements": [
		{
			"from": [1, -1, 5],
			"to": [1, 15, 21],
			"shade": false,
			"rotation": {"angle": 45, "axis": "y", "origin": [0, 0, 4]},
			"faces": {
				"east": {"uv": [16, 0, 0, 16], "texture": "#crop"},
				"west": {"uv": [0, 0, 16, 16], "texture": "#crop"}
			}
		},
		{
			"from": [12, -1, -5],
			"to": [12, 15, 11],
			"shade": false,
			"rotation": {"angle": -22.5, "axis": "y", "origin": [0, 0, 4]},
			"faces": {
				"east": {"uv": [0, 0, 16, 16], "texture": "#crop"},
				"west": {"uv": [16, 0, 0, 16], "texture": "#crop"}
			}
		},
		{
			"from": [0, -1, 8],
			"to": [16, 15, 8],
			"shade": false,
			"rotation": {"angle": 22.5, "axis": "y", "origin": [0, 0, 4]},
			"faces": {
				"north": {"uv": [0, 0, 16, 16], "texture": "#crop"},
				"south": {"uv": [16, 0, 0, 16], "texture": "#crop"}
			}
		}
	]
}