{
	"credit": "Made by N0do | GMnodo",
	"textures": {
		"0": "modeltextures/ore/deepslate_lapis_ore",
		"particle": "modeltextures/ore/deepslate_lapis_ore"
	},
	"elements": [
		{
			"from": [9, 1, -0.75],
			"to": [12, 3, 0],
			"rotation": {"angle": 0, "axis": "y", "origin": [8.01875, 7.6875, 8]},
			"faces": {
				"north": {"uv": [4, 13, 7, 15], "texture": "#0", "cullface": "north"},
				"east": {"uv": [4, 13, 4.75, 15], "texture": "#0", "cullface": "north"},
				"west": {"uv": [6, 13, 6.75, 15], "texture": "#0", "cullface": "north"},
				"up": {"uv": [4, 13, 7, 13.75], "rotation": 180, "texture": "#0", "cullface": "north"},
				"down": {"uv": [4, 14, 7, 14.75], "rotation": 180, "texture": "#0", "cullface": "north"}
			}
		},
		{
			"from": [10, 3, -0.75],
			"to": [11, 4, 0],
			"rotation": {"angle": 0, "axis": "y", "origin": [8.01875, 7.6875, 8]},
			"faces": {
				"north": {"uv": [5, 12, 6, 13], "texture": "#0", "cullface": "north"},
				"east": {"uv": [5, 12, 6, 13], "texture": "#0", "cullface": "north"},
				"west": {"uv": [5, 12, 6, 13], "texture": "#0", "cullface": "north"},
				"up": {"uv": [5, 12, 6, 13], "texture": "#0", "cullface": "north"}
			}
		},
		{
			"from": [11, 5, -0.75],
			"to": [12, 6, 0],
			"rotation": {"angle": 0, "axis": "y", "origin": [8.01875, 7.6875, 8]},
			"faces": {
				"north": {"uv": [4, 10, 5, 11], "texture": "#0", "cullface": "north"},
				"east": {"uv": [4, 10, 5, 11], "texture": "#0", "cullface": "north"},
				"west": {"uv": [4, 10, 5, 11], "texture": "#0", "cullface": "north"},
				"up": {"uv": [4, 10, 5, 11], "texture": "#0", "cullface": "north"}
			}
		},
		{
			"from": [13, 7, -0.75],
			"to": [15, 9, 0],
			"rotation": {"angle": 0, "axis": "y", "origin": [8.01875, 7.6875, 8]},
			"faces": {
				"north": {"uv": [1, 7, 3, 9], "texture": "#0", "cullface": "north"},
				"east": {"uv": [1, 7, 1.75, 9], "texture": "#0", "cullface": "north"},
				"west": {"uv": [2, 7, 2.75, 9], "texture": "#0", "cullface": "north"},
				"up": {"uv": [1, 7, 3, 7.75], "rotation": 180, "texture": "#0", "cullface": "north"},
				"down": {"uv": [1, 8, 3, 8.75], "rotation": 180, "texture": "#0", "cullface": "north"}
			}
		},
		{
			"from": [4, 9, -0.75],
			"to": [6, 11, 0],
			"rotation": {"angle": 0, "axis": "y", "origin": [8.01875, 7.6875, 8]},
			"faces": {
				"north": {"uv": [10, 5, 12, 7], "texture": "#0", "cullface": "north"},
				"east": {"uv": [10, 5, 10.75, 7], "texture": "#0", "cullface": "north"},
				"west": {"uv": [11, 5, 11.75, 7], "texture": "#0", "cullface": "north"},
				"up": {"uv": [10, 5, 12, 5.75], "rotation": 180, "texture": "#0", "cullface": "north"},
				"down": {"uv": [10, 6, 12, 6.75], "rotation": 180, "texture": "#0", "cullface": "north"}
			}
		},
		{
			"from": [2, 13, -0.75],
			"to": [4, 14, 0],
			"rotation": {"angle": 0, "axis": "y", "origin": [8.01875, 7.6875, 8]},
			"faces": {
				"north": {"uv": [12, 2, 14, 3], "texture": "#0", "cullface": "north"},
				"east": {"uv": [12, 2, 12.75, 3], "texture": "#0", "cullface": "north"},
				"west": {"uv": [13, 2, 13.75, 3], "texture": "#0", "cullface": "north"},
				"up": {"uv": [12, 2, 14, 3], "rotation": 180, "texture": "#0", "cullface": "north"},
				"down": {"uv": [12, 2, 14, 3], "rotation": 180, "texture": "#0", "cullface": "north"}
			}
		},
		{
			"from": [7, 12, -0.75],
			"to": [9, 13, 0],
			"rotation": {"angle": 0, "axis": "y", "origin": [8.01875, 7.6875, 8]},
			"faces": {
				"north": {"uv": [7, 3, 9, 4], "texture": "#0", "cullface": "north"},
				"east": {"uv": [7, 3, 7.75, 4], "texture": "#0", "cullface": "north"},
				"west": {"uv": [8, 3, 8.75, 4], "texture": "#0", "cullface": "north"},
				"up": {"uv": [7, 3, 9, 4], "rotation": 180, "texture": "#0", "cullface": "north"},
				"down": {"uv": [7, 3, 9, 4], "rotation": 180, "texture": "#0", "cullface": "north"}
			}
		},
		{
			"from": [8, 9, -0.75],
			"to": [13, 10, 0],
			"rotation": {"angle": 0, "axis": "y", "origin": [8.01875, 7.6875, 8]},
			"faces": {
				"north": {"uv": [3, 6, 8, 7], "texture": "#0", "cullface": "north"},
				"east": {"uv": [3, 6, 3.75, 7], "texture": "#0", "cullface": "north"},
				"west": {"uv": [7, 6, 7.75, 7], "texture": "#0", "cullface": "north"},
				"up": {"uv": [3, 6, 8, 7], "rotation": 180, "texture": "#0", "cullface": "north"},
				"down": {"uv": [3, 6, 8, 7], "rotation": 180, "texture": "#0", "cullface": "north"}
			}
		},
		{
			"from": [9, 10, -0.75],
			"to": [11, 11, 0],
			"rotation": {"angle": 0, "axis": "y", "origin": [8.01875, 7.6875, 8]},
			"faces": {
				"north": {"uv": [5, 5, 7, 6], "texture": "#0", "cullface": "north"},
				"east": {"uv": [5, 5, 5.75, 6], "texture": "#0", "cullface": "north"},
				"west": {"uv": [6, 5, 6.75, 6], "texture": "#0", "cullface": "north"},
				"up": {"uv": [5, 5, 7, 6], "rotation": 180, "texture": "#0", "cullface": "north"}
			}
		},
		{
			"from": [10, 12, -0.75],
			"to": [11, 13, 0],
			"rotation": {"angle": 0, "axis": "y", "origin": [8.01875, 7.6875, 8]},
			"faces": {
				"north": {"uv": [5, 3, 6, 4], "texture": "#0", "cullface": "north"},
				"east": {"uv": [5, 3, 6, 4], "texture": "#0", "cullface": "north"},
				"west": {"uv": [5, 3, 6, 4], "texture": "#0", "cullface": "north"},
				"down": {"uv": [5, 3, 6, 4], "texture": "#0", "cullface": "north"}
			}
		},
		{
			"from": [10, 13, -0.75],
			"to": [14, 14, 0],
			"rotation": {"angle": 0, "axis": "y", "origin": [8.01875, 7.6875, 8]},
			"faces": {
				"north": {"uv": [2, 2, 6, 3], "texture": "#0", "cullface": "north"},
				"east": {"uv": [2, 2, 2.75, 3], "texture": "#0", "cullface": "north"},
				"west": {"uv": [5, 2, 5.75, 3], "texture": "#0", "cullface": "north"},
				"up": {"uv": [2, 2, 6, 3], "rotation": 180, "texture": "#0", "cullface": "north"},
				"down": {"uv": [2, 2, 6, 3], "rotation": 180, "texture": "#0", "cullface": "north"}
			}
		},
		{
			"from": [2, 6, -0.75],
			"to": [3, 7, 0],
			"rotation": {"angle": 0, "axis": "y", "origin": [8.01875, 7.6875, 8]},
			"faces": {
				"north": {"uv": [13, 9, 14, 10], "texture": "#0", "cullface": "north"},
				"east": {"uv": [13, 9, 14, 10], "texture": "#0", "cullface": "north"},
				"west": {"uv": [13, 9, 14, 10], "texture": "#0", "cullface": "north"},
				"up": {"uv": [13, 9, 14, 10], "texture": "#0", "cullface": "north"}
			}
		},
		{
			"from": [8, 6, -0.75],
			"to": [9, 8, 0],
			"rotation": {"angle": 0, "axis": "y", "origin": [8.01875, 7.6875, 8]},
			"faces": {
				"north": {"uv": [7, 8, 8, 10], "texture": "#0", "cullface": "north"},
				"east": {"uv": [7, 8, 8, 10], "texture": "#0", "cullface": "north"},
				"west": {"uv": [7, 8, 8, 10], "texture": "#0", "cullface": "north"},
				"up": {"uv": [7, 8, 8, 8.75], "texture": "#0", "cullface": "north"},
				"down": {"uv": [7, 9, 8, 9.75], "texture": "#0", "cullface": "north"}
			}
		},
		{
			"from": [7, 6, -0.75],
			"to": [8, 7, 0],
			"rotation": {"angle": 0, "axis": "y", "origin": [8.01875, 7.6875, 8]},
			"faces": {
				"north": {"uv": [8, 9, 9, 10], "texture": "#0", "cullface": "north"},
				"up": {"uv": [8, 9, 9, 10], "texture": "#0", "cullface": "north"}
			}
		},
		{
			"from": [7.9875, 6, 16],
			"to": [8.9875, 7, 16.75],
			"rotation": {"angle": 0, "axis": "y", "origin": [8.00625, 7.6875, 8]},
			"faces": {
				"south": {"uv": [8, 9, 9, 10], "texture": "#0", "cullface": "south"},
				"up": {"uv": [8, 9, 9, 10], "texture": "#0", "cullface": "south"}
			}
		},
		{
			"from": [5, 5, -0.75],
			"to": [8, 6, 0],
			"rotation": {"angle": 0, "axis": "y", "origin": [8.01875, 7.6875, 8]},
			"faces": {
				"north": {"uv": [8, 10, 11, 11], "texture": "#0", "cullface": "north"},
				"east": {"uv": [8, 10, 8.75, 11], "texture": "#0", "cullface": "north"},
				"west": {"uv": [10, 10, 10.75, 11], "texture": "#0", "cullface": "north"},
				"down": {"uv": [8, 10, 11, 11], "rotation": 180, "texture": "#0", "cullface": "north"}
			}
		},
		{
			"from": [4, 6, -0.75],
			"to": [7, 8, 0],
			"rotation": {"angle": 0, "axis": "y", "origin": [8.01875, 7.6875, 8]},
			"faces": {
				"north": {"uv": [9, 8, 12, 10], "texture": "#0", "cullface": "north"},
				"east": {"uv": [9, 8, 9.75, 10], "texture": "#0", "cullface": "north"},
				"west": {"uv": [11, 8, 11.75, 10], "texture": "#0", "cullface": "north"},
				"up": {"uv": [9, 8, 12, 8.75], "rotation": 180, "texture": "#0", "cullface": "north"},
				"down": {"uv": [9, 9, 12, 9.75], "rotation": 180, "texture": "#0", "cullface": "north"}
			}
		},
		{
			"from": [11, 4, -0.75],
			"to": [14, 5, 0],
			"rotation": {"angle": 0, "axis": "y", "origin": [8.01875, 7.6875, 8]},
			"faces": {
				"north": {"uv": [2, 11, 5, 12], "texture": "#0", "cullface": "north"},
				"east": {"uv": [2, 11, 2.75, 12], "texture": "#0", "cullface": "north"},
				"west": {"uv": [4, 11, 4.75, 12], "texture": "#0", "cullface": "north"},
				"up": {"uv": [2, 11, 5, 12], "rotation": 180, "texture": "#0", "cullface": "north"},
				"down": {"uv": [2, 11, 5, 12], "rotation": 180, "texture": "#0", "cullface": "north"}
			}
		},
		{
			"from": [5, 2, -0.75],
			"to": [8, 4, 0],
			"rotation": {"angle": 0, "axis": "y", "origin": [8.01875, 7.6875, 8]},
			"faces": {
				"north": {"uv": [8, 12, 11, 14], "texture": "#0", "cullface": "north"},
				"east": {"uv": [8, 12, 8.75, 14], "texture": "#0", "cullface": "north"},
				"west": {"uv": [10, 12, 10.75, 14], "texture": "#0", "cullface": "north"},
				"up": {"uv": [8, 12, 11, 12.75], "rotation": 180, "texture": "#0", "cullface": "north"},
				"down": {"uv": [8, 13, 11, 13.75], "rotation": 180, "texture": "#0", "cullface": "north"}
			}
		},
		{
			"from": [1, 3, -0.75],
			"to": [3, 6, 0],
			"rotation": {"angle": 0, "axis": "y", "origin": [8.01875, 7.6875, 8]},
			"faces": {
				"north": {"uv": [13, 10, 15, 13], "texture": "#0", "cullface": "north"},
				"east": {"uv": [13, 10, 13.75, 13], "texture": "#0", "cullface": "north"},
				"west": {"uv": [14, 10, 14.75, 13], "texture": "#0", "cullface": "north"},
				"up": {"uv": [13, 10, 15, 10.75], "rotation": 180, "texture": "#0", "cullface": "north"},
				"down": {"uv": [13, 12, 15, 12.75], "rotation": 180, "texture": "#0", "cullface": "north"}
			}
		},
		{
			"from": [12.9875, 3, 16],
			"to": [14.9875, 6, 16.75],
			"rotation": {"angle": 0, "axis": "z", "origin": [8.01875, 7.6875, 8]},
			"faces": {
				"east": {"uv": [14, 10, 14.75, 13], "texture": "#0", "cullface": "south"},
				"south": {"uv": [13, 10, 15, 13], "texture": "#0", "cullface": "south"},
				"west": {"uv": [13, 10, 13.75, 13], "texture": "#0", "cullface": "south"},
				"up": {"uv": [13, 10, 15, 10.75], "texture": "#0", "cullface": "south"},
				"down": {"uv": [13, 12, 15, 12.75], "texture": "#0", "cullface": "south"}
			}
		},
		{
			"from": [12.9875, 6, 16],
			"to": [13.9875, 7, 16.75],
			"rotation": {"angle": 0, "axis": "z", "origin": [8.01875, 7.6875, 8]},
			"faces": {
				"east": {"uv": [13, 9, 14, 10], "texture": "#0", "cullface": "south"},
				"south": {"uv": [13, 9, 14, 10], "texture": "#0", "cullface": "south"},
				"west": {"uv": [13, 9, 14, 10], "texture": "#0", "cullface": "south"},
				"up": {"uv": [13, 9, 14, 10], "rotation": 180, "texture": "#0", "cullface": "south"}
			}
		},
		{
			"from": [8.9875, 6, 16],
			"to": [11.9875, 8, 16.75],
			"rotation": {"angle": 0, "axis": "z", "origin": [8.01875, 7.6875, 8]},
			"faces": {
				"east": {"uv": [11, 8, 11.75, 10], "texture": "#0", "cullface": "south"},
				"south": {"uv": [9, 8, 12, 10], "texture": "#0", "cullface": "south"},
				"west": {"uv": [9, 8, 9.75, 10], "texture": "#0", "cullface": "south"},
				"up": {"uv": [9, 8, 12, 8.75], "texture": "#0", "cullface": "south"},
				"down": {"uv": [9, 9, 12, 9.75], "texture": "#0", "cullface": "south"}
			}
		},
		{
			"from": [7.9875, 5, 16],
			"to": [10.9875, 6, 16.75],
			"rotation": {"angle": 0, "axis": "z", "origin": [8.01875, 7.6875, 8]},
			"faces": {
				"east": {"uv": [10, 10, 10.75, 11], "texture": "#0", "cullface": "south"},
				"south": {"uv": [8, 10, 11, 11], "texture": "#0", "cullface": "south"},
				"west": {"uv": [8, 10, 8.75, 11], "texture": "#0", "cullface": "south"},
				"down": {"uv": [8, 10, 11, 11], "texture": "#0", "cullface": "south"}
			}
		},
		{
			"from": [6.9875, 6, 16],
			"to": [7.9875, 8, 16.75],
			"rotation": {"angle": 0, "axis": "z", "origin": [8.01875, 7.6875, 8]},
			"faces": {
				"east": {"uv": [7, 8, 8, 10], "texture": "#0", "cullface": "south"},
				"south": {"uv": [7, 8, 8, 10], "texture": "#0", "cullface": "south"},
				"west": {"uv": [7, 8, 8, 10], "texture": "#0", "cullface": "south"},
				"up": {"uv": [7, 8, 8, 8.75], "rotation": 180, "texture": "#0", "cullface": "south"},
				"down": {"uv": [7, 9, 8, 9.75], "rotation": 180, "texture": "#0", "cullface": "south"}
			}
		},
		{
			"from": [7.9875, 2, 16],
			"to": [10.9875, 4, 16.75],
			"rotation": {"angle": 0, "axis": "z", "origin": [8.01875, 7.6875, 8]},
			"faces": {
				"east": {"uv": [10, 12, 10.75, 14], "texture": "#0", "cullface": "south"},
				"south": {"uv": [8, 12, 11, 14], "texture": "#0", "cullface": "south"},
				"west": {"uv": [8, 12, 8.75, 14], "texture": "#0", "cullface": "south"},
				"up": {"uv": [8, 12, 11, 12.75], "texture": "#0", "cullface": "south"},
				"down": {"uv": [8, 13, 11, 13.75], "texture": "#0", "cullface": "south"}
			}
		},
		{
			"from": [3.9875, 1, 16],
			"to": [6.9875, 3, 16.75],
			"rotation": {"angle": 0, "axis": "z", "origin": [8.01875, 7.6875, 8]},
			"faces": {
				"east": {"uv": [6, 13, 6.75, 15], "texture": "#0", "cullface": "south"},
				"south": {"uv": [4, 13, 7, 15], "texture": "#0", "cullface": "south"},
				"west": {"uv": [4, 13, 4.75, 15], "texture": "#0", "cullface": "south"},
				"up": {"uv": [4, 13, 7, 13.75], "texture": "#0", "cullface": "south"},
				"down": {"uv": [4, 14, 7, 14.75], "texture": "#0", "cullface": "south"}
			}
		},
		{
			"from": [4.9875, 3, 16],
			"to": [5.9875, 4, 16.75],
			"rotation": {"angle": 0, "axis": "z", "origin": [8.01875, 7.6875, 8]},
			"faces": {
				"east": {"uv": [5, 12, 6, 13], "texture": "#0", "cullface": "south"},
				"south": {"uv": [5, 12, 6, 13], "texture": "#0", "cullface": "south"},
				"west": {"uv": [5, 12, 6, 13], "texture": "#0", "cullface": "south"},
				"up": {"uv": [5, 12, 6, 13], "rotation": 180, "texture": "#0", "cullface": "south"}
			}
		},
		{
			"from": [1.9875, 4, 16],
			"to": [4.9875, 5, 16.75],
			"rotation": {"angle": 0, "axis": "z", "origin": [8.01875, 7.6875, 8]},
			"faces": {
				"east": {"uv": [4, 11, 4.75, 12], "texture": "#0", "cullface": "south"},
				"south": {"uv": [2, 11, 5, 12], "texture": "#0", "cullface": "south"},
				"west": {"uv": [2, 11, 2.75, 12], "texture": "#0", "cullface": "south"},
				"up": {"uv": [2, 11, 5, 12], "texture": "#0", "cullface": "south"},
				"down": {"uv": [2, 11, 5, 12], "texture": "#0", "cullface": "south"}
			}
		},
		{
			"from": [3.9875, 5, 16],
			"to": [4.9875, 6, 16.75],
			"rotation": {"angle": 0, "axis": "z", "origin": [8.01875, 7.6875, 8]},
			"faces": {
				"east": {"uv": [4, 10, 5, 11], "texture": "#0", "cullface": "south"},
				"south": {"uv": [4, 10, 5, 11], "texture": "#0", "cullface": "south"},
				"west": {"uv": [4, 10, 5, 11], "texture": "#0", "cullface": "south"},
				"up": {"uv": [4, 10, 5, 11], "rotation": 180, "texture": "#0", "cullface": "south"}
			}
		},
		{
			"from": [0.9875, 7, 16],
			"to": [2.9875, 9, 16.75],
			"rotation": {"angle": 0, "axis": "z", "origin": [8.01875, 7.6875, 8]},
			"faces": {
				"east": {"uv": [2, 7, 2.75, 9], "texture": "#0", "cullface": "south"},
				"south": {"uv": [1, 7, 3, 9], "texture": "#0", "cullface": "south"},
				"west": {"uv": [1, 7, 1.75, 9], "texture": "#0", "cullface": "south"},
				"up": {"uv": [1, 7, 3, 7.75], "texture": "#0", "cullface": "south"},
				"down": {"uv": [1, 8, 3, 8.75], "texture": "#0", "cullface": "south"}
			}
		},
		{
			"from": [2.9875, 9, 16],
			"to": [7.9875, 10, 16.75],
			"rotation": {"angle": 0, "axis": "z", "origin": [8.01875, 7.6875, 8]},
			"faces": {
				"east": {"uv": [7, 6, 7.75, 7], "texture": "#0", "cullface": "south"},
				"south": {"uv": [3, 6, 8, 7], "texture": "#0", "cullface": "south"},
				"west": {"uv": [3, 6, 3.75, 7], "texture": "#0", "cullface": "south"},
				"up": {"uv": [3, 6, 8, 7], "texture": "#0", "cullface": "south"},
				"down": {"uv": [3, 6, 8, 7], "texture": "#0", "cullface": "south"}
			}
		},
		{
			"from": [4.9875, 10, 16],
			"to": [6.9875, 11, 16.75],
			"rotation": {"angle": 0, "axis": "z", "origin": [8.01875, 7.6875, 8]},
			"faces": {
				"east": {"uv": [6, 5, 6.75, 6], "texture": "#0", "cullface": "south"},
				"south": {"uv": [5, 5, 7, 6], "texture": "#0", "cullface": "south"},
				"west": {"uv": [5, 5, 5.75, 6], "texture": "#0", "cullface": "south"},
				"up": {"uv": [5, 5, 7, 6], "texture": "#0", "cullface": "south"}
			}
		},
		{
			"from": [4.9875, 12, 16],
			"to": [5.9875, 13, 16.75],
			"rotation": {"angle": 0, "axis": "z", "origin": [8.01875, 7.6875, 8]},
			"faces": {
				"east": {"uv": [5, 3, 6, 4], "texture": "#0", "cullface": "south"},
				"south": {"uv": [5, 3, 6, 4], "texture": "#0", "cullface": "south"},
				"west": {"uv": [5, 3, 6, 4], "texture": "#0", "cullface": "south"},
				"down": {"uv": [5, 3, 6, 4], "rotation": 180, "texture": "#0", "cullface": "south"}
			}
		},
		{
			"from": [1.9875, 13, 16],
			"to": [5.9875, 14, 16.75],
			"rotation": {"angle": 0, "axis": "z", "origin": [8.01875, 7.6875, 8]},
			"faces": {
				"east": {"uv": [5, 2, 5.75, 3], "texture": "#0", "cullface": "south"},
				"south": {"uv": [2, 2, 6, 3], "texture": "#0", "cullface": "south"},
				"west": {"uv": [2, 2, 2.75, 3], "texture": "#0", "cullface": "south"},
				"up": {"uv": [2, 2, 6, 3], "texture": "#0", "cullface": "south"},
				"down": {"uv": [2, 2, 6, 3], "texture": "#0", "cullface": "south"}
			}
		},
		{
			"from": [6.9875, 12, 16],
			"to": [8.9875, 13, 16.75],
			"rotation": {"angle": 0, "axis": "z", "origin": [8.01875, 7.6875, 8]},
			"faces": {
				"east": {"uv": [8, 3, 8.75, 4], "texture": "#0", "cullface": "south"},
				"south": {"uv": [7, 3, 9, 4], "texture": "#0", "cullface": "south"},
				"west": {"uv": [7, 3, 7.75, 4], "texture": "#0", "cullface": "south"},
				"up": {"uv": [7, 3, 9, 4], "texture": "#0", "cullface": "south"},
				"down": {"uv": [7, 3, 9, 4], "texture": "#0", "cullface": "south"}
			}
		},
		{
			"from": [9.9875, 9, 16],
			"to": [11.9875, 11, 16.75],
			"rotation": {"angle": 0, "axis": "z", "origin": [8.01875, 7.6875, 8]},
			"faces": {
				"east": {"uv": [11, 5, 11.75, 7], "texture": "#0", "cullface": "south"},
				"south": {"uv": [10, 5, 12, 7], "texture": "#0", "cullface": "south"},
				"west": {"uv": [10, 5, 10.75, 7], "texture": "#0", "cullface": "south"},
				"up": {"uv": [10, 5, 12, 5.75], "texture": "#0", "cullface": "south"},
				"down": {"uv": [10, 6, 12, 6.75], "texture": "#0", "cullface": "south"}
			}
		},
		{
			"from": [11.9875, 13, 16],
			"to": [13.9875, 14, 16.75],
			"rotation": {"angle": 0, "axis": "z", "origin": [8.01875, 7.6875, 8]},
			"faces": {
				"east": {"uv": [13, 2, 13.75, 3], "texture": "#0", "cullface": "south"},
				"south": {"uv": [12, 2, 14, 3], "texture": "#0", "cullface": "south"},
				"west": {"uv": [12, 2, 12.75, 3], "texture": "#0", "cullface": "south"},
				"up": {"uv": [12, 2, 14, 3], "texture": "#0", "cullface": "south"},
				"down": {"uv": [12, 2, 14, 3], "texture": "#0", "cullface": "south"}
			}
		},
		{
			"from": [15.96875, 13, 10.03125],
			"to": [16.71875, 14, 14.03125],
			"rotation": {"angle": 0, "axis": "y", "origin": [8.01875, 7.6875, 8]},
			"faces": {
				"north": {"uv": [5, 2, 5.75, 3], "texture": "#0", "cullface": "east"},
				"east": {"uv": [2, 2, 6, 3], "texture": "#0", "cullface": "east"},
				"south": {"uv": [2, 2, 2.75, 3], "texture": "#0", "cullface": "east"},
				"up": {"uv": [2, 2, 6, 3], "rotation": 270, "texture": "#0", "cullface": "east"},
				"down": {"uv": [2, 2, 6, 3], "rotation": 90, "texture": "#0", "cullface": "east"}
			}
		},
		{
			"from": [15.96875, 12, 7.03125],
			"to": [16.71875, 13, 9.03125],
			"rotation": {"angle": 0, "axis": "y", "origin": [8.01875, 7.6875, 8]},
			"faces": {
				"north": {"uv": [8, 3, 8.75, 4], "texture": "#0", "cullface": "east"},
				"east": {"uv": [7, 3, 9, 4], "texture": "#0", "cullface": "east"},
				"south": {"uv": [7, 3, 7.75, 4], "texture": "#0", "cullface": "east"},
				"up": {"uv": [7, 3, 9, 4], "rotation": 270, "texture": "#0", "cullface": "east"},
				"down": {"uv": [7, 3, 9, 4], "rotation": 90, "texture": "#0", "cullface": "east"}
			}
		},
		{
			"from": [15.96875, 12, 10.03125],
			"to": [16.71875, 13, 11.03125],
			"rotation": {"angle": 0, "axis": "y", "origin": [8.01875, 7.6875, 8]},
			"faces": {
				"north": {"uv": [5, 3, 6, 4], "texture": "#0", "cullface": "east"},
				"east": {"uv": [5, 3, 6, 4], "texture": "#0", "cullface": "east"},
				"south": {"uv": [5, 3, 6, 4], "texture": "#0", "cullface": "east"},
				"down": {"uv": [5, 3, 6, 4], "rotation": 270, "texture": "#0", "cullface": "east"}
			}
		},
		{
			"from": [15.96875, 13, 2.03125],
			"to": [16.71875, 14, 4.03125],
			"rotation": {"angle": 0, "axis": "y", "origin": [8.01875, 7.6875, 8]},
			"faces": {
				"north": {"uv": [13, 2, 13.75, 3], "texture": "#0", "cullface": "east"},
				"east": {"uv": [12, 2, 14, 3], "texture": "#0", "cullface": "east"},
				"south": {"uv": [12, 2, 12.75, 3], "texture": "#0", "cullface": "east"},
				"up": {"uv": [12, 2, 14, 3], "rotation": 270, "texture": "#0", "cullface": "east"},
				"down": {"uv": [12, 2, 14, 3], "rotation": 90, "texture": "#0", "cullface": "east"}
			}
		},
		{
			"from": [15.96875, 9, 4.03125],
			"to": [16.71875, 11, 6.03125],
			"rotation": {"angle": 0, "axis": "y", "origin": [8.01875, 7.6875, 8]},
			"faces": {
				"north": {"uv": [11, 5, 11.75, 7], "texture": "#0", "cullface": "east"},
				"east": {"uv": [10, 5, 12, 7], "texture": "#0", "cullface": "east"},
				"south": {"uv": [10, 5, 10.75, 7], "texture": "#0", "cullface": "east"},
				"up": {"uv": [10, 5, 12, 5.75], "rotation": 270, "texture": "#0", "cullface": "east"},
				"down": {"uv": [10, 6, 12, 6.75], "rotation": 90, "texture": "#0", "cullface": "east"}
			}
		},
		{
			"from": [15.96875, 10, 9.03125],
			"to": [16.71875, 11, 11.03125],
			"rotation": {"angle": 0, "axis": "y", "origin": [8.01875, 7.6875, 8]},
			"faces": {
				"north": {"uv": [6, 5, 6.75, 6], "texture": "#0", "cullface": "east"},
				"east": {"uv": [5, 5, 7, 6], "texture": "#0", "cullface": "east"},
				"south": {"uv": [5, 5, 5.75, 6], "texture": "#0", "cullface": "east"},
				"up": {"uv": [5, 5, 7, 6], "rotation": 270, "texture": "#0", "cullface": "east"}
			}
		},
		{
			"from": [15.96875, 9, 8.03125],
			"to": [16.71875, 10, 13.03125],
			"rotation": {"angle": 0, "axis": "y", "origin": [8.01875, 7.6875, 8]},
			"faces": {
				"north": {"uv": [7, 6, 7.75, 7], "texture": "#0", "cullface": "east"},
				"east": {"uv": [3, 6, 8, 7], "texture": "#0", "cullface": "east"},
				"south": {"uv": [3, 6, 3.75, 7], "texture": "#0", "cullface": "east"},
				"up": {"uv": [3, 6, 8, 7], "rotation": 270, "texture": "#0", "cullface": "east"},
				"down": {"uv": [3, 6, 8, 7], "rotation": 90, "texture": "#0", "cullface": "east"}
			}
		},
		{
			"from": [15.96875, 7, 13.03125],
			"to": [16.71875, 9, 15.03125],
			"rotation": {"angle": 0, "axis": "y", "origin": [8.01875, 7.6875, 8]},
			"faces": {
				"north": {"uv": [2, 7, 2.75, 9], "texture": "#0", "cullface": "east"},
				"east": {"uv": [1, 7, 3, 9], "texture": "#0", "cullface": "east"},
				"south": {"uv": [1, 7, 1.75, 9], "texture": "#0", "cullface": "east"},
				"up": {"uv": [1, 7, 3, 7.75], "rotation": 270, "texture": "#0", "cullface": "east"},
				"down": {"uv": [1, 8, 3, 8.75], "rotation": 90, "texture": "#0", "cullface": "east"}
			}
		},
		{
			"from": [15.96875, 4, 11.03125],
			"to": [16.71875, 5, 14.03125],
			"rotation": {"angle": 0, "axis": "y", "origin": [8.01875, 7.6875, 8]},
			"faces": {
				"north": {"uv": [4, 11, 4.75, 12], "texture": "#0", "cullface": "east"},
				"east": {"uv": [2, 11, 5, 12], "texture": "#0", "cullface": "east"},
				"south": {"uv": [2, 11, 2.75, 12], "texture": "#0", "cullface": "east"},
				"up": {"uv": [2, 11, 5, 12], "rotation": 270, "texture": "#0", "cullface": "east"},
				"down": {"uv": [2, 11, 5, 12], "rotation": 90, "texture": "#0", "cullface": "east"}
			}
		},
		{
			"from": [15.96875, 5, 11.03125],
			"to": [16.71875, 6, 12.03125],
			"rotation": {"angle": 0, "axis": "y", "origin": [8.01875, 7.6875, 8]},
			"faces": {
				"north": {"uv": [4, 10, 5, 11], "texture": "#0", "cullface": "east"},
				"east": {"uv": [4, 10, 5, 11], "texture": "#0", "cullface": "east"},
				"south": {"uv": [4, 10, 5, 11], "texture": "#0", "cullface": "east"},
				"up": {"uv": [4, 10, 5, 11], "rotation": 90, "texture": "#0", "cullface": "east"}
			}
		},
		{
			"from": [15.96875, 3, 10.03125],
			"to": [16.71875, 4, 11.03125],
			"rotation": {"angle": 0, "axis": "y", "origin": [8.01875, 7.6875, 8]},
			"faces": {
				"north": {"uv": [5, 12, 6, 13], "texture": "#0", "cullface": "east"},
				"east": {"uv": [5, 12, 6, 13], "texture": "#0", "cullface": "east"},
				"south": {"uv": [5, 12, 6, 13], "texture": "#0", "cullface": "east"},
				"up": {"uv": [5, 12, 6, 13], "rotation": 90, "texture": "#0", "cullface": "east"}
			}
		},
		{
			"from": [15.96875, 1, 9.03125],
			"to": [16.71875, 3, 12.03125],
			"rotation": {"angle": 0, "axis": "y", "origin": [8.01875, 7.6875, 8]},
			"faces": {
				"north": {"uv": [6, 13, 6.75, 15], "texture": "#0", "cullface": "east"},
				"east": {"uv": [4, 13, 7, 15], "texture": "#0", "cullface": "east"},
				"south": {"uv": [4, 13, 4.75, 15], "texture": "#0", "cullface": "east"},
				"up": {"uv": [4, 13, 7, 13.75], "rotation": 270, "texture": "#0", "cullface": "east"},
				"down": {"uv": [4, 14, 7, 14.75], "rotation": 90, "texture": "#0", "cullface": "east"}
			}
		},
		{
			"from": [15.96875, 2, 5.03125],
			"to": [16.71875, 4, 8.03125],
			"rotation": {"angle": 0, "axis": "y", "origin": [8.01875, 7.6875, 8]},
			"faces": {
				"north": {"uv": [10, 12, 10.75, 14], "texture": "#0", "cullface": "east"},
				"east": {"uv": [8, 12, 11, 14], "texture": "#0", "cullface": "east"},
				"south": {"uv": [8, 12, 8.75, 14], "texture": "#0", "cullface": "east"},
				"up": {"uv": [8, 12, 11, 12.75], "rotation": 270, "texture": "#0", "cullface": "east"},
				"down": {"uv": [8, 13, 11, 13.75], "rotation": 90, "texture": "#0", "cullface": "east"}
			}
		},
		{
			"from": [15.96875, 6, 4.03125],
			"to": [16.71875, 8, 7.03125],
			"rotation": {"angle": 0, "axis": "y", "origin": [8.01875, 7.6875, 8]},
			"faces": {
				"north": {"uv": [11, 8, 11.75, 10], "texture": "#0", "cullface": "east"},
				"east": {"uv": [9, 8, 12, 10], "texture": "#0", "cullface": "east"},
				"south": {"uv": [9, 8, 9.75, 10], "texture": "#0", "cullface": "east"},
				"up": {"uv": [9, 8, 12, 8.75], "rotation": 270, "texture": "#0", "cullface": "east"},
				"down": {"uv": [9, 9, 12, 9.75], "rotation": 90, "texture": "#0", "cullface": "east"}
			}
		},
		{
			"from": [15.96875, 6, 8.03125],
			"to": [16.71875, 8, 9.03125],
			"rotation": {"angle": 0, "axis": "y", "origin": [8.01875, 7.6875, 8]},
			"faces": {
				"north": {"uv": [7, 8, 8, 10], "texture": "#0", "cullface": "east"},
				"east": {"uv": [7, 8, 8, 10], "texture": "#0", "cullface": "east"},
				"south": {"uv": [7, 8, 8, 10], "texture": "#0", "cullface": "east"},
				"up": {"uv": [7, 8, 8, 8.75], "rotation": 90, "texture": "#0", "cullface": "east"},
				"down": {"uv": [7, 9, 8, 9.75], "rotation": 270, "texture": "#0", "cullface": "east"}
			}
		},
		{
			"from": [15.95625, 6, 7.01875],
			"to": [16.70625, 7, 8.01875],
			"rotation": {"angle": 0, "axis": "y", "origin": [8.00625, 7.6875, 8]},
			"faces": {
				"east": {"uv": [8, 9, 9, 10], "texture": "#0", "cullface": "east"},
				"south": {"uv": [8, 9, 9, 10], "texture": "#0", "cullface": "east"},
				"up": {"uv": [8, 9, 9, 10], "rotation": 270, "texture": "#0", "cullface": "east"}
			}
		},
		{
			"from": [15.96875, 5, 5.03125],
			"to": [16.71875, 6, 8.03125],
			"rotation": {"angle": 0, "axis": "y", "origin": [8.01875, 7.6875, 8]},
			"faces": {
				"north": {"uv": [10, 10, 10.75, 11], "texture": "#0", "cullface": "east"},
				"east": {"uv": [8, 10, 11, 11], "texture": "#0", "cullface": "east"},
				"south": {"uv": [8, 10, 8.75, 11], "texture": "#0", "cullface": "east"},
				"up": {"uv": [8, 10, 11, 11], "rotation": 90, "texture": "#0", "cullface": "east"},
				"down": {"uv": [8, 10, 11, 11], "rotation": 90, "texture": "#0", "cullface": "east"}
			}
		},
		{
			"from": [15.96875, 3, 1.03125],
			"to": [16.71875, 6, 3.03125],
			"rotation": {"angle": 0, "axis": "y", "origin": [8.01875, 7.6875, 8]},
			"faces": {
				"north": {"uv": [14, 10, 14.75, 13], "texture": "#0", "cullface": "east"},
				"east": {"uv": [13, 10, 15, 13], "texture": "#0", "cullface": "east"},
				"south": {"uv": [13, 10, 13.75, 13], "texture": "#0", "cullface": "east"},
				"up": {"uv": [13, 10, 15, 10.75], "rotation": 270, "texture": "#0", "cullface": "east"},
				"down": {"uv": [13, 12, 15, 12.75], "rotation": 90, "texture": "#0", "cullface": "east"}
			}
		},
		{
			"from": [15.96875, 6, 2.03125],
			"to": [16.71875, 7, 3.03125],
			"rotation": {"angle": 0, "axis": "y", "origin": [8.01875, 7.6875, 8]},
			"faces": {
				"north": {"uv": [13, 9, 14, 10], "texture": "#0", "cullface": "east"},
				"east": {"uv": [13, 9, 14, 10], "texture": "#0", "cullface": "east"},
				"south": {"uv": [13, 9, 14, 10], "texture": "#0", "cullface": "east"},
				"up": {"uv": [13, 9, 14, 10], "rotation": 90, "texture": "#0", "cullface": "east"}
			}
		},
		{
			"from": [-0.68125, 13, 1.96875],
			"to": [0.06875, 14, 5.96875],
			"rotation": {"angle": 0, "axis": "y", "origin": [8.01875, 7.6875, 8]},
			"faces": {
				"north": {"uv": [2, 2, 2.75, 3], "texture": "#0", "cullface": "west"},
				"south": {"uv": [5, 2, 5.75, 3], "texture": "#0", "cullface": "west"},
				"west": {"uv": [2, 2, 6, 3], "texture": "#0", "cullface": "west"},
				"up": {"uv": [2, 2, 6, 3], "rotation": 90, "texture": "#0", "cullface": "west"},
				"down": {"uv": [2, 2, 6, 3], "rotation": 270, "texture": "#0", "cullface": "west"}
			}
		},
		{
			"from": [-0.68125, 12, 6.96875],
			"to": [0.06875, 13, 8.96875],
			"rotation": {"angle": 0, "axis": "y", "origin": [8.01875, 7.6875, 8]},
			"faces": {
				"north": {"uv": [7, 3, 7.75, 4], "texture": "#0", "cullface": "west"},
				"south": {"uv": [8, 3, 8.75, 4], "texture": "#0", "cullface": "west"},
				"west": {"uv": [7, 3, 9, 4], "texture": "#0", "cullface": "west"},
				"up": {"uv": [7, 3, 9, 4], "rotation": 90, "texture": "#0", "cullface": "west"},
				"down": {"uv": [7, 3, 9, 4], "rotation": 270, "texture": "#0", "cullface": "west"}
			}
		},
		{
			"from": [-0.68125, 12, 4.96875],
			"to": [0.06875, 13, 5.96875],
			"rotation": {"angle": 0, "axis": "y", "origin": [8.01875, 7.6875, 8]},
			"faces": {
				"north": {"uv": [5, 3, 6, 4], "texture": "#0", "cullface": "west"},
				"south": {"uv": [5, 3, 6, 4], "texture": "#0", "cullface": "west"},
				"west": {"uv": [5, 3, 6, 4], "texture": "#0", "cullface": "west"},
				"down": {"uv": [5, 3, 6, 4], "rotation": 90, "texture": "#0", "cullface": "west"}
			}
		},
		{
			"from": [-0.68125, 13, 11.96875],
			"to": [0.06875, 14, 13.96875],
			"rotation": {"angle": 0, "axis": "y", "origin": [8.01875, 7.6875, 8]},
			"faces": {
				"north": {"uv": [12, 2, 12.75, 3], "texture": "#0", "cullface": "west"},
				"south": {"uv": [13, 2, 13.75, 3], "texture": "#0", "cullface": "west"},
				"west": {"uv": [12, 2, 14, 3], "texture": "#0", "cullface": "west"},
				"up": {"uv": [12, 2, 14, 3], "rotation": 90, "texture": "#0", "cullface": "west"},
				"down": {"uv": [12, 2, 14, 3], "rotation": 270, "texture": "#0", "cullface": "west"}
			}
		},
		{
			"from": [-0.68125, 9, 9.96875],
			"to": [0.06875, 11, 11.96875],
			"rotation": {"angle": 0, "axis": "y", "origin": [8.01875, 7.6875, 8]},
			"faces": {
				"north": {"uv": [10, 5, 10.75, 7], "texture": "#0", "cullface": "west"},
				"south": {"uv": [11, 5, 11.75, 7], "texture": "#0", "cullface": "west"},
				"west": {"uv": [10, 5, 12, 7], "texture": "#0", "cullface": "west"},
				"up": {"uv": [10, 5, 12, 5.75], "rotation": 90, "texture": "#0", "cullface": "west"},
				"down": {"uv": [10, 6, 12, 6.75], "rotation": 270, "texture": "#0", "cullface": "west"}
			}
		},
		{
			"from": [-0.68125, 10, 4.96875],
			"to": [0.06875, 11, 6.96875],
			"rotation": {"angle": 0, "axis": "y", "origin": [8.01875, 7.6875, 8]},
			"faces": {
				"north": {"uv": [5, 5, 5.75, 6], "texture": "#0", "cullface": "west"},
				"south": {"uv": [6, 5, 6.75, 6], "texture": "#0", "cullface": "west"},
				"west": {"uv": [5, 5, 7, 6], "texture": "#0", "cullface": "west"},
				"up": {"uv": [5, 5, 7, 6], "rotation": 90, "texture": "#0", "cullface": "west"}
			}
		},
		{
			"from": [-0.68125, 9, 2.96875],
			"to": [0.06875, 10, 7.96875],
			"rotation": {"angle": 0, "axis": "y", "origin": [8.01875, 7.6875, 8]},
			"faces": {
				"north": {"uv": [3, 6, 3.75, 7], "texture": "#0", "cullface": "west"},
				"south": {"uv": [7, 6, 7.75, 7], "texture": "#0", "cullface": "west"},
				"west": {"uv": [3, 6, 8, 7], "texture": "#0", "cullface": "west"},
				"up": {"uv": [3, 6, 8, 7], "rotation": 90, "texture": "#0", "cullface": "west"},
				"down": {"uv": [3, 6, 8, 7], "rotation": 270, "texture": "#0", "cullface": "west"}
			}
		},
		{
			"from": [-0.68125, 7, 0.96875],
			"to": [0.06875, 9, 2.96875],
			"rotation": {"angle": 0, "axis": "y", "origin": [8.01875, 7.6875, 8]},
			"faces": {
				"north": {"uv": [1, 7, 1.75, 9], "texture": "#0", "cullface": "west"},
				"south": {"uv": [2, 7, 2.75, 9], "texture": "#0", "cullface": "west"},
				"west": {"uv": [1, 7, 3, 9], "texture": "#0", "cullface": "west"},
				"up": {"uv": [1, 7, 3, 7.75], "rotation": 90, "texture": "#0", "cullface": "west"},
				"down": {"uv": [1, 8, 3, 8.75], "rotation": 270, "texture": "#0", "cullface": "west"}
			}
		},
		{
			"from": [-0.68125, 4, 1.96875],
			"to": [0.06875, 5, 4.96875],
			"rotation": {"angle": 0, "axis": "y", "origin": [8.01875, 7.6875, 8]},
			"faces": {
				"north": {"uv": [2, 11, 2.75, 12], "texture": "#0", "cullface": "west"},
				"south": {"uv": [4, 11, 4.75, 12], "texture": "#0", "cullface": "west"},
				"west": {"uv": [2, 11, 5, 12], "texture": "#0", "cullface": "west"},
				"up": {"uv": [2, 11, 5, 12], "rotation": 90, "texture": "#0", "cullface": "west"},
				"down": {"uv": [2, 11, 5, 12], "rotation": 270, "texture": "#0", "cullface": "west"}
			}
		},
		{
			"from": [-0.68125, 5, 3.96875],
			"to": [0.06875, 6, 4.96875],
			"rotation": {"angle": 0, "axis": "y", "origin": [8.01875, 7.6875, 8]},
			"faces": {
				"north": {"uv": [4, 10, 5, 11], "texture": "#0", "cullface": "west"},
				"south": {"uv": [4, 10, 5, 11], "texture": "#0", "cullface": "west"},
				"west": {"uv": [4, 10, 5, 11], "texture": "#0", "cullface": "west"},
				"up": {"uv": [4, 10, 5, 11], "rotation": 270, "texture": "#0", "cullface": "west"}
			}
		},
		{
			"from": [-0.68125, 3, 4.96875],
			"to": [0.06875, 4, 5.96875],
			"rotation": {"angle": 0, "axis": "y", "origin": [8.01875, 7.6875, 8]},
			"faces": {
				"north": {"uv": [5, 12, 6, 13], "texture": "#0", "cullface": "west"},
				"south": {"uv": [5, 12, 6, 13], "texture": "#0", "cullface": "west"},
				"west": {"uv": [5, 12, 6, 13], "texture": "#0", "cullface": "west"},
				"up": {"uv": [5, 12, 6, 13], "rotation": 270, "texture": "#0", "cullface": "west"}
			}
		},
		{
			"from": [-0.68125, 1, 3.96875],
			"to": [0.06875, 3, 6.96875],
			"rotation": {"angle": 0, "axis": "y", "origin": [8.01875, 7.6875, 8]},
			"faces": {
				"north": {"uv": [4, 13, 4.75, 15], "texture": "#0", "cullface": "west"},
				"south": {"uv": [6, 13, 6.75, 15], "texture": "#0", "cullface": "west"},
				"west": {"uv": [4, 13, 7, 15], "texture": "#0", "cullface": "west"},
				"up": {"uv": [4, 13, 7, 13.75], "rotation": 90, "texture": "#0", "cullface": "west"},
				"down": {"uv": [4, 14, 7, 14.75], "rotation": 270, "texture": "#0", "cullface": "west"}
			}
		},
		{
			"from": [-0.68125, 2, 7.96875],
			"to": [0.06875, 4, 10.96875],
			"rotation": {"angle": 0, "axis": "y", "origin": [8.01875, 7.6875, 8]},
			"faces": {
				"north": {"uv": [8, 12, 8.75, 14], "texture": "#0", "cullface": "west"},
				"south": {"uv": [10, 12, 10.75, 14], "texture": "#0", "cullface": "west"},
				"west": {"uv": [8, 12, 11, 14], "texture": "#0", "cullface": "west"},
				"up": {"uv": [8, 12, 11, 12.75], "rotation": 90, "texture": "#0", "cullface": "west"},
				"down": {"uv": [8, 13, 11, 13.75], "rotation": 270, "texture": "#0", "cullface": "west"}
			}
		},
		{
			"from": [-0.68125, 6, 8.96875],
			"to": [0.06875, 8, 11.96875],
			"rotation": {"angle": 0, "axis": "y", "origin": [8.01875, 7.6875, 8]},
			"faces": {
				"north": {"uv": [9, 8, 9.75, 10], "texture": "#0", "cullface": "west"},
				"south": {"uv": [11, 8, 11.75, 10], "texture": "#0", "cullface": "west"},
				"west": {"uv": [9, 8, 12, 10], "texture": "#0", "cullface": "west"},
				"up": {"uv": [9, 8, 12, 8.75], "rotation": 90, "texture": "#0", "cullface": "west"},
				"down": {"uv": [9, 9, 12, 9.75], "rotation": 270, "texture": "#0", "cullface": "west"}
			}
		},
		{
			"from": [-0.68125, 6, 6.96875],
			"to": [0.06875, 8, 7.96875],
			"rotation": {"angle": 0, "axis": "y", "origin": [8.01875, 7.6875, 8]},
			"faces": {
				"north": {"uv": [7, 8, 8, 10], "texture": "#0", "cullface": "west"},
				"south": {"uv": [7, 8, 8, 10], "texture": "#0", "cullface": "west"},
				"west": {"uv": [7, 8, 8, 10], "texture": "#0", "cullface": "west"},
				"up": {"uv": [7, 8, 8, 8.75], "rotation": 270, "texture": "#0", "cullface": "west"},
				"down": {"uv": [7, 9, 8, 9.75], "rotation": 90, "texture": "#0", "cullface": "west"}
			}
		},
		{
			"from": [-0.69375, 6, 7.98125],
			"to": [0.05625, 7, 8.98125],
			"rotation": {"angle": 0, "axis": "y", "origin": [8.00625, 7.6875, 8]},
			"faces": {
				"north": {"uv": [8, 9, 9, 10], "texture": "#0", "cullface": "west"},
				"south": {"uv": [8, 9, 9, 10], "texture": "#0", "cullface": "west"},
				"west": {"uv": [8, 9, 9, 10], "texture": "#0", "cullface": "west"},
				"up": {"uv": [8, 9, 9, 10], "rotation": 90, "texture": "#0", "cullface": "west"},
				"down": {"uv": [8, 9, 9, 10], "rotation": 270, "texture": "#0", "cullface": "west"}
			}
		},
		{
			"from": [-0.68125, 5, 7.96875],
			"to": [0.06875, 6, 10.96875],
			"rotation": {"angle": 0, "axis": "y", "origin": [8.01875, 7.6875, 8]},
			"faces": {
				"north": {"uv": [8, 10, 8.75, 11], "texture": "#0", "cullface": "west"},
				"south": {"uv": [10, 10, 10.75, 11], "texture": "#0", "cullface": "west"},
				"west": {"uv": [8, 10, 11, 11], "texture": "#0", "cullface": "west"},
				"up": {"uv": [8, 10, 11, 11], "rotation": 270, "texture": "#0", "cullface": "west"},
				"down": {"uv": [8, 10, 11, 11], "rotation": 270, "texture": "#0", "cullface": "west"}
			}
		},
		{
			"from": [-0.68125, 3, 12.96875],
			"to": [0.06875, 6, 14.96875],
			"rotation": {"angle": 0, "axis": "y", "origin": [8.01875, 7.6875, 8]},
			"faces": {
				"north": {"uv": [13, 10, 13.75, 13], "texture": "#0", "cullface": "west"},
				"south": {"uv": [14, 10, 14.75, 13], "texture": "#0", "cullface": "west"},
				"west": {"uv": [13, 10, 15, 13], "texture": "#0", "cullface": "west"},
				"up": {"uv": [13, 10, 15, 10.75], "rotation": 90, "texture": "#0", "cullface": "west"},
				"down": {"uv": [13, 12, 15, 12.75], "rotation": 270, "texture": "#0", "cullface": "west"}
			}
		},
		{
			"from": [-0.68125, 6, 12.96875],
			"to": [0.06875, 7, 13.96875],
			"rotation": {"angle": 0, "axis": "y", "origin": [8.01875, 7.6875, 8]},
			"faces": {
				"north": {"uv": [13, 9, 14, 10], "texture": "#0", "cullface": "west"},
				"south": {"uv": [13, 9, 14, 10], "texture": "#0", "cullface": "west"},
				"west": {"uv": [13, 9, 14, 10], "texture": "#0", "cullface": "west"},
				"up": {"uv": [13, 9, 14, 10], "rotation": 270, "texture": "#0", "cullface": "west"}
			}
		},
		{
			"from": [1.9875, 15.8875, 1.9875],
			"to": [5.9875, 16.6375, 2.9875],
			"rotation": {"angle": 0, "axis": "z", "origin": [8.01875, 7.6875, 8]},
			"faces": {
				"north": {"uv": [2, 2, 6, 3], "rotation": 180, "texture": "#0", "cullface": "up"},
				"east": {"uv": [5, 2, 5.75, 3], "rotation": 90, "texture": "#0", "cullface": "up"},
				"south": {"uv": [2, 2, 6, 3], "texture": "#0", "cullface": "up"},
				"west": {"uv": [2, 2, 2.75, 3], "rotation": 270, "texture": "#0", "cullface": "up"},
				"up": {"uv": [2, 2, 6, 3], "texture": "#0", "cullface": "up"}
			}
		},
		{
			"from": [6.9875, 15.8875, 2.9875],
			"to": [8.9875, 16.6375, 3.9875],
			"rotation": {"angle": 0, "axis": "z", "origin": [8.01875, 7.6875, 8]},
			"faces": {
				"north": {"uv": [7, 3, 9, 4], "rotation": 180, "texture": "#0", "cullface": "up"},
				"east": {"uv": [8, 3, 8.75, 4], "rotation": 90, "texture": "#0", "cullface": "up"},
				"south": {"uv": [7, 3, 9, 4], "texture": "#0", "cullface": "up"},
				"west": {"uv": [7, 3, 7.75, 4], "rotation": 270, "texture": "#0", "cullface": "up"},
				"up": {"uv": [7, 3, 9, 4], "texture": "#0", "cullface": "up"}
			}
		},
		{
			"from": [4.9875, 15.8875, 2.9875],
			"to": [5.9875, 16.6375, 3.9875],
			"rotation": {"angle": 0, "axis": "z", "origin": [8.01875, 7.6875, 8]},
			"faces": {
				"east": {"uv": [5, 3, 6, 4], "rotation": 90, "texture": "#0", "cullface": "up"},
				"south": {"uv": [5, 3, 6, 4], "rotation": 180, "texture": "#0", "cullface": "up"},
				"west": {"uv": [5, 3, 6, 4], "rotation": 270, "texture": "#0", "cullface": "up"},
				"up": {"uv": [5, 3, 6, 4], "texture": "#0", "cullface": "up"}
			}
		},
		{
			"from": [11.9875, 15.8875, 1.9875],
			"to": [13.9875, 16.6375, 2.9875],
			"rotation": {"angle": 0, "axis": "z", "origin": [8.01875, 7.6875, 8]},
			"faces": {
				"north": {"uv": [12, 2, 14, 3], "rotation": 180, "texture": "#0", "cullface": "up"},
				"east": {"uv": [13, 2, 13.75, 3], "rotation": 90, "texture": "#0", "cullface": "up"},
				"south": {"uv": [12, 2, 14, 3], "texture": "#0", "cullface": "up"},
				"west": {"uv": [12, 2, 12.75, 3], "rotation": 270, "texture": "#0", "cullface": "up"},
				"up": {"uv": [12, 2, 14, 3], "texture": "#0", "cullface": "up"}
			}
		},
		{
			"from": [9.9875, 15.8875, 4.9875],
			"to": [11.9875, 16.6375, 6.9875],
			"rotation": {"angle": 0, "axis": "z", "origin": [8.01875, 7.6875, 8]},
			"faces": {
				"north": {"uv": [10, 5, 12, 5.75], "rotation": 180, "texture": "#0", "cullface": "up"},
				"east": {"uv": [11, 5, 11.75, 7], "rotation": 90, "texture": "#0", "cullface": "up"},
				"south": {"uv": [10, 6, 12, 6.75], "texture": "#0", "cullface": "up"},
				"west": {"uv": [10, 5, 10.75, 7], "rotation": 270, "texture": "#0", "cullface": "up"},
				"up": {"uv": [10, 5, 12, 7], "texture": "#0", "cullface": "up"}
			}
		},
		{
			"from": [4.9875, 15.8875, 4.9875],
			"to": [6.9875, 16.6375, 5.9875],
			"rotation": {"angle": 0, "axis": "z", "origin": [8.01875, 7.6875, 8]},
			"faces": {
				"north": {"uv": [5, 5, 7, 6], "rotation": 180, "texture": "#0", "cullface": "up"},
				"east": {"uv": [6, 5, 6.75, 6], "rotation": 90, "texture": "#0", "cullface": "up"},
				"west": {"uv": [5, 5, 5.75, 6], "rotation": 270, "texture": "#0", "cullface": "up"},
				"up": {"uv": [5, 5, 7, 6], "texture": "#0", "cullface": "up"}
			}
		},
		{
			"from": [2.9875, 15.8875, 5.9875],
			"to": [7.9875, 16.6375, 6.9875],
			"rotation": {"angle": 0, "axis": "z", "origin": [8.01875, 7.6875, 8]},
			"faces": {
				"north": {"uv": [3, 6, 8, 7], "rotation": 180, "texture": "#0", "cullface": "up"},
				"east": {"uv": [7, 6, 7.75, 7], "rotation": 90, "texture": "#0", "cullface": "up"},
				"south": {"uv": [3, 6, 8, 7], "texture": "#0", "cullface": "up"},
				"west": {"uv": [3, 6, 3.75, 7], "rotation": 270, "texture": "#0", "cullface": "up"},
				"up": {"uv": [3, 6, 8, 7], "texture": "#0", "cullface": "up"}
			}
		},
		{
			"from": [0.9875, 15.8875, 6.9875],
			"to": [2.9875, 16.6375, 8.9875],
			"rotation": {"angle": 0, "axis": "z", "origin": [8.01875, 7.6875, 8]},
			"faces": {
				"north": {"uv": [1, 7, 3, 7.75], "rotation": 180, "texture": "#0", "cullface": "up"},
				"east": {"uv": [2, 7, 2.75, 9], "rotation": 90, "texture": "#0", "cullface": "up"},
				"south": {"uv": [1, 8, 3, 8.75], "texture": "#0", "cullface": "up"},
				"west": {"uv": [1, 7, 1.75, 9], "rotation": 270, "texture": "#0", "cullface": "up"},
				"up": {"uv": [1, 7, 3, 9], "texture": "#0", "cullface": "up"}
			}
		},
		{
			"from": [1.9875, 15.8875, 10.9875],
			"to": [4.9875, 16.6375, 11.9875],
			"rotation": {"angle": 0, "axis": "z", "origin": [8.01875, 7.6875, 8]},
			"faces": {
				"north": {"uv": [2, 11, 5, 12], "rotation": 180, "texture": "#0", "cullface": "up"},
				"east": {"uv": [4, 11, 4.75, 12], "rotation": 90, "texture": "#0", "cullface": "up"},
				"south": {"uv": [2, 11, 5, 12], "texture": "#0", "cullface": "up"},
				"west": {"uv": [2, 11, 2.75, 12], "rotation": 270, "texture": "#0", "cullface": "up"},
				"up": {"uv": [2, 11, 5, 12], "texture": "#0", "cullface": "up"}
			}
		},
		{
			"from": [3.9875, 15.8875, 9.9875],
			"to": [4.9875, 16.6375, 10.9875],
			"rotation": {"angle": 0, "axis": "z", "origin": [8.01875, 7.6875, 8]},
			"faces": {
				"north": {"uv": [4, 10, 5, 11], "texture": "#0", "cullface": "up"},
				"east": {"uv": [4, 10, 5, 11], "rotation": 90, "texture": "#0", "cullface": "up"},
				"west": {"uv": [4, 10, 5, 11], "rotation": 270, "texture": "#0", "cullface": "up"},
				"up": {"uv": [4, 10, 5, 11], "texture": "#0", "cullface": "up"}
			}
		},
		{
			"from": [4.9875, 15.8875, 11.9875],
			"to": [5.9875, 16.6375, 12.9875],
			"rotation": {"angle": 0, "axis": "z", "origin": [8.01875, 7.6875, 8]},
			"faces": {
				"north": {"uv": [5, 12, 6, 13], "texture": "#0", "cullface": "up"},
				"east": {"uv": [5, 12, 6, 13], "rotation": 90, "texture": "#0", "cullface": "up"},
				"west": {"uv": [5, 12, 6, 13], "rotation": 270, "texture": "#0", "cullface": "up"},
				"up": {"uv": [5, 12, 6, 13], "texture": "#0", "cullface": "up"}
			}
		},
		{
			"from": [3.9875, 15.8875, 12.9875],
			"to": [6.9875, 16.6375, 14.9875],
			"rotation": {"angle": 0, "axis": "z", "origin": [8.01875, 7.6875, 8]},
			"faces": {
				"north": {"uv": [4, 13, 7, 13.75], "rotation": 180, "texture": "#0", "cullface": "up"},
				"east": {"uv": [6, 13, 6.75, 15], "rotation": 90, "texture": "#0", "cullface": "up"},
				"south": {"uv": [4, 14, 7, 14.75], "texture": "#0", "cullface": "up"},
				"west": {"uv": [4, 13, 4.75, 15], "rotation": 270, "texture": "#0", "cullface": "up"},
				"up": {"uv": [4, 13, 7, 15], "texture": "#0", "cullface": "up"}
			}
		},
		{
			"from": [7.9875, 15.8875, 11.9875],
			"to": [10.9875, 16.6375, 13.9875],
			"rotation": {"angle": 0, "axis": "z", "origin": [8.01875, 7.6875, 8]},
			"faces": {
				"north": {"uv": [8, 12, 11, 12.75], "rotation": 180, "texture": "#0", "cullface": "up"},
				"east": {"uv": [10, 12, 10.75, 14], "rotation": 90, "texture": "#0", "cullface": "up"},
				"south": {"uv": [8, 13, 11, 13.75], "texture": "#0", "cullface": "up"},
				"west": {"uv": [8, 12, 8.75, 14], "rotation": 270, "texture": "#0", "cullface": "up"},
				"up": {"uv": [8, 12, 11, 14], "texture": "#0", "cullface": "up"}
			}
		},
		{
			"from": [8.9875, 15.8875, 7.9875],
			"to": [11.9875, 16.6375, 9.9875],
			"rotation": {"angle": 0, "axis": "z", "origin": [8.01875, 7.6875, 8]},
			"faces": {
				"north": {"uv": [9, 8, 12, 8.75], "rotation": 180, "texture": "#0", "cullface": "up"},
				"east": {"uv": [11, 8, 11.75, 10], "rotation": 90, "texture": "#0", "cullface": "up"},
				"south": {"uv": [9, 9, 12, 9.75], "texture": "#0", "cullface": "up"},
				"west": {"uv": [9, 8, 9.75, 10], "rotation": 270, "texture": "#0", "cullface": "up"},
				"up": {"uv": [9, 8, 12, 10], "texture": "#0", "cullface": "up"}
			}
		},
		{
			"from": [6.9875, 15.8875, 7.9875],
			"to": [7.9875, 16.6375, 9.9875],
			"rotation": {"angle": 0, "axis": "z", "origin": [8.01875, 7.6875, 8]},
			"faces": {
				"north": {"uv": [7, 8, 8, 8.75], "texture": "#0", "cullface": "up"},
				"east": {"uv": [7, 8, 8, 10], "rotation": 90, "texture": "#0", "cullface": "up"},
				"south": {"uv": [7, 9, 8, 9.75], "rotation": 180, "texture": "#0", "cullface": "up"},
				"west": {"uv": [7, 8, 8, 10], "rotation": 270, "texture": "#0", "cullface": "up"},
				"up": {"uv": [7, 8, 8, 10], "texture": "#0", "cullface": "up"}
			}
		},
		{
			"from": [7.9875, 15.8875, 8.9875],
			"to": [8.9875, 16.6375, 9.9875],
			"rotation": {"angle": 0, "axis": "z", "origin": [8.00625, 7.6875, 8]},
			"faces": {
				"north": {"uv": [8, 9, 9, 10], "rotation": 180, "texture": "#0", "cullface": "up"},
				"up": {"uv": [8, 9, 9, 10], "texture": "#0", "cullface": "up"}
			}
		},
		{
			"from": [7.9875, 15.8875, 9.9875],
			"to": [10.9875, 16.6375, 10.9875],
			"rotation": {"angle": 0, "axis": "z", "origin": [8.01875, 7.6875, 8]},
			"faces": {
				"east": {"uv": [10, 10, 10.75, 11], "rotation": 90, "texture": "#0", "cullface": "up"},
				"south": {"uv": [8, 10, 11, 11], "texture": "#0", "cullface": "up"},
				"west": {"uv": [8, 10, 8.75, 11], "rotation": 270, "texture": "#0", "cullface": "up"},
				"up": {"uv": [8, 10, 11, 11], "texture": "#0", "cullface": "up"}
			}
		},
		{
			"from": [12.9875, 15.8875, 9.9875],
			"to": [14.9875, 16.6375, 12.9875],
			"rotation": {"angle": 0, "axis": "z", "origin": [8.01875, 7.6875, 8]},
			"faces": {
				"north": {"uv": [13, 10, 15, 10.75], "rotation": 180, "texture": "#0", "cullface": "up"},
				"east": {"uv": [14, 10, 14.75, 13], "rotation": 90, "texture": "#0", "cullface": "up"},
				"south": {"uv": [13, 12, 15, 12.75], "texture": "#0", "cullface": "up"},
				"west": {"uv": [13, 10, 13.75, 13], "rotation": 270, "texture": "#0", "cullface": "up"},
				"up": {"uv": [13, 10, 15, 13], "texture": "#0", "cullface": "up"}
			}
		},
		{
			"from": [12.9875, 15.8875, 8.9875],
			"to": [13.9875, 16.6375, 9.9875],
			"rotation": {"angle": 0, "axis": "z", "origin": [8.01875, 7.6875, 8]},
			"faces": {
				"north": {"uv": [13, 9, 14, 10], "texture": "#0", "cullface": "up"},
				"east": {"uv": [13, 9, 14, 10], "rotation": 90, "texture": "#0", "cullface": "up"},
				"west": {"uv": [13, 9, 14, 10], "rotation": 270, "texture": "#0", "cullface": "up"},
				"up": {"uv": [13, 9, 14, 10], "texture": "#0", "cullface": "up"}
			}
		},
		{
			"from": [1.9875, -0.7125, 13.0125],
			"to": [5.9875, 0.0375, 14.0125],
			"rotation": {"angle": 0, "axis": "x", "origin": [8.01875, 7.6875, 8]},
			"faces": {
				"north": {"uv": [2, 2, 6, 3], "rotation": 180, "texture": "#0", "cullface": "down"},
				"east": {"uv": [5, 2, 5.75, 3], "rotation": 270, "texture": "#0", "cullface": "down"},
				"south": {"uv": [2, 2, 6, 3], "texture": "#0", "cullface": "down"},
				"west": {"uv": [2, 2, 2.75, 3], "rotation": 90, "texture": "#0", "cullface": "down"},
				"down": {"uv": [2, 2, 6, 3], "texture": "#0", "cullface": "down"}
			}
		},
		{
			"from": [6.9875, -0.7125, 12.0125],
			"to": [8.9875, 0.0375, 13.0125],
			"rotation": {"angle": 0, "axis": "x", "origin": [8.01875, 7.6875, 8]},
			"faces": {
				"north": {"uv": [7, 3, 9, 4], "rotation": 180, "texture": "#0", "cullface": "down"},
				"east": {"uv": [8, 3, 8.75, 4], "rotation": 270, "texture": "#0", "cullface": "down"},
				"south": {"uv": [7, 3, 9, 4], "texture": "#0", "cullface": "down"},
				"west": {"uv": [7, 3, 7.75, 4], "rotation": 90, "texture": "#0", "cullface": "down"},
				"down": {"uv": [7, 3, 9, 4], "texture": "#0", "cullface": "down"}
			}
		},
		{
			"from": [4.9875, -0.7125, 12.0125],
			"to": [5.9875, 0.0375, 13.0125],
			"rotation": {"angle": 0, "axis": "x", "origin": [8.01875, 7.6875, 8]},
			"faces": {
				"north": {"uv": [5, 3, 6, 4], "texture": "#0", "cullface": "down"},
				"east": {"uv": [5, 3, 6, 4], "rotation": 270, "texture": "#0", "cullface": "down"},
				"west": {"uv": [5, 3, 6, 4], "rotation": 90, "texture": "#0", "cullface": "down"},
				"down": {"uv": [5, 3, 6, 4], "texture": "#0", "cullface": "down"}
			}
		},
		{
			"from": [11.9875, -0.7125, 13.0125],
			"to": [13.9875, 0.0375, 14.0125],
			"rotation": {"angle": 0, "axis": "x", "origin": [8.01875, 7.6875, 8]},
			"faces": {
				"north": {"uv": [12, 2, 14, 3], "rotation": 180, "texture": "#0", "cullface": "down"},
				"east": {"uv": [13, 2, 13.75, 3], "rotation": 270, "texture": "#0", "cullface": "down"},
				"south": {"uv": [12, 2, 14, 3], "texture": "#0", "cullface": "down"},
				"west": {"uv": [12, 2, 12.75, 3], "rotation": 90, "texture": "#0", "cullface": "down"},
				"down": {"uv": [12, 2, 14, 3], "texture": "#0", "cullface": "down"}
			}
		},
		{
			"from": [9.9875, -0.7125, 9.0125],
			"to": [11.9875, 0.0375, 11.0125],
			"rotation": {"angle": 0, "axis": "x", "origin": [8.01875, 7.6875, 8]},
			"faces": {
				"north": {"uv": [10, 6, 12, 6.75], "rotation": 180, "texture": "#0", "cullface": "down"},
				"east": {"uv": [11, 5, 11.75, 7], "rotation": 270, "texture": "#0", "cullface": "down"},
				"south": {"uv": [10, 5, 12, 5.75], "texture": "#0", "cullface": "down"},
				"west": {"uv": [10, 5, 10.75, 7], "rotation": 90, "texture": "#0", "cullface": "down"},
				"down": {"uv": [10, 5, 12, 7], "texture": "#0", "cullface": "down"}
			}
		},
		{
			"from": [4.9875, -0.7125, 10.0125],
			"to": [6.9875, 0.0375, 11.0125],
			"rotation": {"angle": 0, "axis": "x", "origin": [8.01875, 7.6875, 8]},
			"faces": {
				"east": {"uv": [6, 5, 6.75, 6], "rotation": 270, "texture": "#0", "cullface": "down"},
				"south": {"uv": [5, 5, 7, 6], "texture": "#0", "cullface": "down"},
				"west": {"uv": [5, 5, 5.75, 6], "rotation": 90, "texture": "#0", "cullface": "down"},
				"down": {"uv": [5, 5, 7, 6], "texture": "#0", "cullface": "down"}
			}
		},
		{
			"from": [2.9875, -0.7125, 9.0125],
			"to": [7.9875, 0.0375, 10.0125],
			"rotation": {"angle": 0, "axis": "x", "origin": [8.01875, 7.6875, 8]},
			"faces": {
				"north": {"uv": [3, 6, 8, 7], "rotation": 180, "texture": "#0", "cullface": "down"},
				"east": {"uv": [7, 6, 7.75, 7], "rotation": 270, "texture": "#0", "cullface": "down"},
				"south": {"uv": [3, 6, 8, 7], "texture": "#0", "cullface": "down"},
				"west": {"uv": [3, 6, 3.75, 7], "rotation": 90, "texture": "#0", "cullface": "down"},
				"down": {"uv": [3, 6, 8, 7], "texture": "#0", "cullface": "down"}
			}
		},
		{
			"from": [0.9875, -0.7125, 7.0125],
			"to": [2.9875, 0.0375, 9.0125],
			"rotation": {"angle": 0, "axis": "x", "origin": [8.01875, 7.6875, 8]},
			"faces": {
				"north": {"uv": [1, 8, 3, 8.75], "rotation": 180, "texture": "#0", "cullface": "down"},
				"east": {"uv": [2, 7, 2.75, 9], "rotation": 270, "texture": "#0", "cullface": "down"},
				"south": {"uv": [1, 7, 3, 7.75], "texture": "#0", "cullface": "down"},
				"west": {"uv": [1, 7, 1.75, 9], "rotation": 90, "texture": "#0", "cullface": "down"},
				"down": {"uv": [1, 7, 3, 9], "texture": "#0", "cullface": "down"}
			}
		},
		{
			"from": [1.9875, -0.7125, 4.0125],
			"to": [4.9875, 0.0375, 5.0125],
			"rotation": {"angle": 0, "axis": "x", "origin": [8.01875, 7.6875, 8]},
			"faces": {
				"north": {"uv": [2, 11, 5, 12], "rotation": 180, "texture": "#0", "cullface": "down"},
				"east": {"uv": [4, 11, 4.75, 12], "rotation": 270, "texture": "#0", "cullface": "down"},
				"south": {"uv": [2, 11, 5, 12], "texture": "#0", "cullface": "down"},
				"west": {"uv": [2, 11, 2.75, 12], "rotation": 90, "texture": "#0", "cullface": "down"},
				"down": {"uv": [2, 11, 5, 12], "texture": "#0", "cullface": "down"}
			}
		},
		{
			"from": [3.9875, -0.7125, 5.0125],
			"to": [4.9875, 0.0375, 6.0125],
			"rotation": {"angle": 0, "axis": "x", "origin": [8.01875, 7.6875, 8]},
			"faces": {
				"east": {"uv": [4, 10, 5, 11], "rotation": 270, "texture": "#0", "cullface": "down"},
				"south": {"uv": [4, 10, 5, 11], "rotation": 180, "texture": "#0", "cullface": "down"},
				"west": {"uv": [4, 10, 5, 11], "rotation": 90, "texture": "#0", "cullface": "down"},
				"down": {"uv": [4, 10, 5, 11], "texture": "#0", "cullface": "down"}
			}
		},
		{
			"from": [4.9875, -0.7125, 3.0125],
			"to": [5.9875, 0.0375, 4.0125],
			"rotation": {"angle": 0, "axis": "x", "origin": [8.01875, 7.6875, 8]},
			"faces": {
				"east": {"uv": [5, 12, 6, 13], "rotation": 270, "texture": "#0", "cullface": "down"},
				"south": {"uv": [5, 12, 6, 13], "rotation": 180, "texture": "#0", "cullface": "down"},
				"west": {"uv": [5, 12, 6, 13], "rotation": 90, "texture": "#0", "cullface": "down"},
				"down": {"uv": [5, 12, 6, 13], "texture": "#0", "cullface": "down"}
			}
		},
		{
			"from": [3.9875, -0.7125, 1.0125],
			"to": [6.9875, 0.0375, 3.0125],
			"rotation": {"angle": 0, "axis": "x", "origin": [8.01875, 7.6875, 8]},
			"faces": {
				"north": {"uv": [4, 14, 7, 14.75], "rotation": 180, "texture": "#0", "cullface": "down"},
				"east": {"uv": [6, 13, 6.75, 15], "rotation": 270, "texture": "#0", "cullface": "down"},
				"south": {"uv": [4, 13, 7, 13.75], "texture": "#0", "cullface": "down"},
				"west": {"uv": [4, 13, 4.75, 15], "rotation": 90, "texture": "#0", "cullface": "down"},
				"down": {"uv": [4, 13, 7, 15], "texture": "#0", "cullface": "down"}
			}
		},
		{
			"from": [7.9875, -0.7125, 2.0125],
			"to": [10.9875, 0.0375, 4.0125],
			"rotation": {"angle": 0, "axis": "x", "origin": [8.01875, 7.6875, 8]},
			"faces": {
				"north": {"uv": [8, 13, 11, 13.75], "rotation": 180, "texture": "#0", "cullface": "down"},
				"east": {"uv": [10, 12, 10.75, 14], "rotation": 270, "texture": "#0", "cullface": "down"},
				"south": {"uv": [8, 12, 11, 12.75], "texture": "#0", "cullface": "down"},
				"west": {"uv": [8, 12, 8.75, 14], "rotation": 90, "texture": "#0", "cullface": "down"},
				"down": {"uv": [8, 12, 11, 14], "texture": "#0", "cullface": "down"}
			}
		},
		{
			"from": [8.9875, -0.7125, 6.0125],
			"to": [11.9875, 0.0375, 8.0125],
			"rotation": {"angle": 0, "axis": "x", "origin": [8.01875, 7.6875, 8]},
			"faces": {
				"north": {"uv": [9, 9, 12, 9.75], "rotation": 180, "texture": "#0", "cullface": "down"},
				"east": {"uv": [11, 8, 11.75, 10], "rotation": 270, "texture": "#0", "cullface": "down"},
				"south": {"uv": [9, 8, 12, 8.75], "texture": "#0", "cullface": "down"},
				"west": {"uv": [9, 8, 9.75, 10], "rotation": 90, "texture": "#0", "cullface": "down"},
				"down": {"uv": [9, 8, 12, 10], "texture": "#0", "cullface": "down"}
			}
		},
		{
			"from": [6.9875, -0.7125, 6.0125],
			"to": [7.9875, 0.0375, 8.0125],
			"rotation": {"angle": 0, "axis": "x", "origin": [8.01875, 7.6875, 8]},
			"faces": {
				"north": {"uv": [7, 9, 8, 9.75], "texture": "#0", "cullface": "down"},
				"east": {"uv": [7, 8, 8, 10], "rotation": 270, "texture": "#0", "cullface": "down"},
				"south": {"uv": [7, 8, 8, 8.75], "rotation": 180, "texture": "#0", "cullface": "down"},
				"west": {"uv": [7, 8, 8, 10], "rotation": 90, "texture": "#0", "cullface": "down"},
				"down": {"uv": [7, 8, 8, 10], "texture": "#0", "cullface": "down"}
			}
		},
		{
			"from": [7.9875, -0.7125, 6.0125],
			"to": [8.9875, 0.0375, 7.0125],
			"rotation": {"angle": 0, "axis": "x", "origin": [8.00625, 7.6875, 8]},
			"faces": {
				"south": {"uv": [8, 9, 9, 10], "texture": "#0", "cullface": "down"},
				"down": {"uv": [8, 9, 9, 10], "texture": "#0", "cullface": "down"}
			}
		},
		{
			"from": [7.9875, -0.7125, 5.0125],
			"to": [10.9875, 0.0375, 6.0125],
			"rotation": {"angle": 0, "axis": "x", "origin": [8.01875, 7.6875, 8]},
			"faces": {
				"north": {"uv": [8, 10, 11, 11], "rotation": 180, "texture": "#0", "cullface": "down"},
				"east": {"uv": [10, 10, 10.75, 11], "rotation": 270, "texture": "#0", "cullface": "down"},
				"west": {"uv": [8, 10, 8.75, 11], "rotation": 90, "texture": "#0", "cullface": "down"},
				"down": {"uv": [8, 10, 11, 11], "texture": "#0", "cullface": "down"}
			}
		},
		{
			"from": [12.9875, -0.7125, 3.0125],
			"to": [14.9875, 0.0375, 6.0125],
			"rotation": {"angle": 0, "axis": "x", "origin": [8.01875, 7.6875, 8]},
			"faces": {
				"north": {"uv": [13, 12, 15, 12.75], "rotation": 180, "texture": "#0", "cullface": "down"},
				"east": {"uv": [14, 10, 14.75, 13], "rotation": 270, "texture": "#0", "cullface": "down"},
				"south": {"uv": [13, 10, 15, 10.75], "texture": "#0", "cullface": "down"},
				"west": {"uv": [13, 10, 13.75, 13], "rotation": 90, "texture": "#0", "cullface": "down"},
				"down": {"uv": [13, 10, 15, 13], "texture": "#0", "cullface": "down"}
			}
		},
		{
			"from": [12.9875, -0.7125, 6.0125],
			"to": [13.9875, 0.0375, 7.0125],
			"rotation": {"angle": 0, "axis": "x", "origin": [8.01875, 7.6875, 8]},
			"faces": {
				"east": {"uv": [13, 9, 14, 10], "rotation": 270, "texture": "#0", "cullface": "down"},
				"south": {"uv": [13, 9, 14, 10], "rotation": 180, "texture": "#0", "cullface": "down"},
				"west": {"uv": [13, 9, 14, 10], "rotation": 90, "texture": "#0", "cullface": "down"},
				"down": {"uv": [13, 9, 14, 10], "texture": "#0", "cullface": "down"}
			}
		},
		{
			"from": [0, 0, 0],
			"to": [16, 16, 16],
			"faces": {
				"north": {"uv": [0, 0, 16, 16], "texture": "#0", "cullface": "north"},
				"east": {"uv": [0, 0, 16, 16], "texture": "#0", "cullface": "east"},
				"south": {"uv": [0, 0, 16, 16], "texture": "#0", "cullface": "south"},
				"west": {"uv": [0, 0, 16, 16], "texture": "#0", "cullface": "west"},
				"up": {"uv": [0, 0, 16, 16], "texture": "#0", "cullface": "up"},
				"down": {"uv": [0, 0, 16, 16], "texture": "#0", "cullface": "down"}
			}
		}
	],
	"display": {
		"thirdperson_righthand": {
			"rotation": [75, 45, 0],
			"translation": [0, 2.5, 0],
			"scale": [0.375, 0.375, 0.375]
		},
		"thirdperson_lefthand": {
			"rotation": [75, 45, 0],
			"translation": [0, 2.5, 0],
			"scale": [0.375, 0.375, 0.375]
		},
		"firstperson_righthand": {
			"rotation": [0, 45, 0],
			"scale": [0.4, 0.4, 0.4]
		},
		"firstperson_lefthand": {
			"rotation": [0, 225, 0],
			"scale": [0.4, 0.4, 0.4]
		},
		"ground": {
			"translation": [0, 3, 0],
			"scale": [0.25, 0.25, 0.25]
		},
		"gui": {
			"rotation": [30, 225, 0],
			"scale": [0.625, 0.625, 0.625]
		},
		"fixed": {
			"scale": [0.5, 0.5, 0.5]
		}
	}
}