{
	"__comment": "Designed by Philosophical",
	"parent": "block/rail_flat",
	"textures": {
		"particle": "block/detector_rail",
		"rail": "block/detector_rail",
		"rail_wood": "block/rail_wood"
	},
	"elements": [
		{
			"__comment": "Cube1",
			"from": [ 1, 10.625, 8.4182 ],
			"to": [ 15, 11.625, 10.4182 ],
			"rotation": { "origin": [ 0.9375, 13.03125, 10.46875 ], "axis": "x", "angle": -45 },
			"faces": {
				"down": { "uv": [ 15, 1, 1, 3 ], "texture": "#rail_wood" },
				"up": { "uv": [ 15, 3, 1, 1 ], "texture": "#rail_wood" },
				"north": { "uv": [ 15, 3, 1, 2 ], "texture": "#rail_wood", "rotation": 180 },
				"south": { "uv": [ 1, 2, 15, 1 ], "texture": "#rail_wood", "rotation": 180 },
				"west": { "uv": [ 14, 1, 15, 3 ], "texture": "#rail_wood", "rotation": 90 },
				"east": { "uv": [ 1, 1, 2, 3 ], "texture": "#rail_wood", "rotation": 270 }
			}
		},
		{
			"__comment": "Cube1",
			"from": [ 1, 10.6249, 2.762 ],
			"to": [ 15, 11.6249, 4.762 ],
			"rotation": { "origin": [ 0.9375, 13.03125, 10.46875 ], "axis": "x", "angle": -45 },
			"faces": {
				"down": { "uv": [ 15, 5, 1, 7 ], "texture": "#rail_wood" },
				"up": { "uv": [ 15, 7, 1, 5 ], "texture": "#rail_wood" },
				"north": { "uv": [ 15, 7, 1, 6 ], "texture": "#rail_wood", "rotation": 180 },
				"south": { "uv": [ 1, 6, 15, 5 ], "texture": "#rail_wood", "rotation": 180 },
				"west": { "uv": [ 14, 5, 15, 7 ], "texture": "#rail_wood", "rotation": 90 },
				"east": { "uv": [ 1, 5, 2, 7 ], "texture": "#rail_wood", "rotation": 270 }
			}
		},
		{
			"__comment": "Cube1",
			"from": [ 1, 10.6249, -2.8944 ],
			"to": [ 15, 11.6249, -0.8943999 ],
			"rotation": { "origin": [ 0.9375, 13.03125, 10.46875 ], "axis": "x", "angle": -45 },
			"faces": {
				"down": { "uv": [ 15, 9, 1, 11 ], "texture": "#rail_wood" },
				"up": { "uv": [ 15, 11, 1, 9 ], "texture": "#rail_wood" },
				"north": { "uv": [ 15, 11, 1, 10 ], "texture": "#rail_wood", "rotation": 180 },
				"south": { "uv": [ 1, 10, 15, 9 ], "texture": "#rail_wood", "rotation": 180 },
				"west": { "uv": [ 14, 9, 15, 11 ], "texture": "#rail_wood", "rotation": 90 },
				"east": { "uv": [ 1, 9, 2, 11 ], "texture": "#rail_wood", "rotation": 270 }
			}
		},
		{
			"__comment": "Cube5",
			"from": [ 2, 11.6249, -5.4996 ],
			"to": [ 4, 12.6249, 17.9004 ],
			"rotation": { "origin": [ 0.9375, 13.03125, 10.46875 ], "axis": "x", "angle": -45 },
			"faces": {
				"down": { "uv": [ 4, 0, 2, 16 ], "texture": "#rail", "rotation": 180 },
				"up": { "uv": [ 4, 16, 2, 0 ], "texture": "#rail", "rotation": 180 },
				"north": { "uv": [ 2, 16, 4, 15 ], "texture": "#rail", "rotation": 180 },
				"south": { "uv": [ 4, 1, 2, 0 ], "texture": "#rail", "rotation": 180 },
				"west": { "uv": [ 2, 0, 3, 16 ], "texture": "#rail", "rotation": 270 },
				"east": { "uv": [ 3, 16, 4, 0 ], "texture": "#rail", "rotation": 270 }
			}
		},
		{
			"__comment": "Cube1",
			"from": [ 1, 10.625, 14.0645 ],
			"to": [ 15, 11.625, 16.0645 ],
			"rotation": { "origin": [ 0.9375, 13.03125, 10.46875 ], "axis": "x", "angle": -45 },
			"faces": {
				"down": { "uv": [ 15, 13, 1, 15 ], "texture": "#rail_wood" },
				"up": { "uv": [ 15, 15, 1, 13 ], "texture": "#rail_wood" },
				"north": { "uv": [ 15, 15, 1, 14 ], "texture": "#rail_wood", "rotation": 180 },
				"south": { "uv": [ 1, 14, 15, 13 ], "texture": "#rail_wood", "rotation": 180 },
				"west": { "uv": [ 14, 13, 15, 15 ], "texture": "#rail_wood", "rotation": 90 },
				"east": { "uv": [ 1, 13, 2, 15 ], "texture": "#rail_wood", "rotation": 270 }
			}
		},
		{
			"__comment": "Cube5",
			"from": [ 12, 11.6249, -5.4996 ],
			"to": [ 14, 12.6249, 17.9004 ],
			"rotation": { "origin": [ 0.9375, 13.03125, 10.46875 ], "axis": "x", "angle": -45 },
			"faces": {
				"down": { "uv": [ 14, 0, 12, 16 ], "texture": "#rail", "rotation": 180 },
				"up": { "uv": [ 14, 16, 12, 0 ], "texture": "#rail", "rotation": 180 },
				"north": { "uv": [ 12, 16, 14, 15 ], "texture": "#rail", "rotation": 180 },
				"south": { "uv": [ 14, 1, 12, 0 ], "texture": "#rail", "rotation": 180 },
				"west": { "uv": [ 12, 0, 13, 16 ], "texture": "#rail", "rotation": 270 },
				"east": { "uv": [ 13, 16, 14, 0 ], "texture": "#rail", "rotation": 270 }
			}
		},
		{
			"__comment": "Cube7",
			"from": [ 5, 11.6249, 3.5 ],
			"to": [ 11, 12.1249, 9.5 ],
			"rotation": { "origin": [ 0.9375, 13.03125, 10.46875 ], "axis": "x", "angle": -45 },
			"faces": {
				"down": { "uv": [ 5, 11, 11, 5 ], "texture": "#rail", "rotation": 180 },
				"up": { "uv": [ 5, 5, 11, 11 ], "texture": "#rail", "rotation": 180 },
				"north": { "uv": [ 5, 10.5, 11, 11 ], "texture": "#rail" },
				"south": { "uv": [ 11, 5, 5, 5.5 ], "texture": "#rail" },
				"west": { "uv": [ 10.5, 5, 11, 11 ], "texture": "#rail", "rotation": 90 },
				"east": { "uv": [ 5.5, 11, 5, 5 ], "texture": "#rail", "rotation": 90 }
			}
		}
	]
}