{
    "ambientocclusion": true,
    "textures": {
        "particle": "block/iron_bars",
        "bars": "block/iron_bars"
    },
    "elements": [
        {
        "from": [7, 0, 7],
        "to": [9, 16, 9],
        "faces": {
            "north": {"uv": [9, 0, 7, 16], "texture": "#bars"},
            "east": {"uv": [9, 0, 7, 16], "texture": "#bars"},
            "south": {"uv": [7, 0, 9, 16], "texture": "#bars"},
            "west": {"uv": [7, 0, 9, 16], "texture": "#bars"},
            "up": {"uv": [7, 0, 9, 2], "texture": "#bars"},
            "down": {"uv": [7, 14, 9, 16], "texture": "#bars"}
        }
        }
    ]
}