{
	"__comment": "Designed by Philosophical",
	"textures": {
		"particle": "block/iron_bars",
		"edge": "block/iron_bars"
	},
	"elements": [
		{
			"from": [ 7, 0.0009999999, 7 ],
			"to": [ 9, 0.0635, 9 ],
			"faces": {
				"down": { "uv": [ 10, 7, 12, 9 ], "texture": "#edge", "rotation": 90 },
				"up": { "uv": [ 10, 7, 12, 9 ], "texture": "#edge" }
			}
		},
		{
			"from": [ 7, 15.999, 7 ],
			"to": [ 9, 16.0615, 9 ],
			"faces": {
				"down": { "uv": [ 10, 7, 12, 9 ], "texture": "#edge", "rotation": 270 },
				"up": { "uv": [ 10, 7, 12, 9 ], "texture": "#edge" }
			}
		}
	]
}