{
    "ambientocclusion": true,
    "textures": {
        "particle": "block/iron_bars",
        "bars": "block/iron_bars"
    },
    "elements": [
        {
        "from": [2, 0, 7],
        "to": [4, 16, 9],
        "faces": {
            "north": {"uv": [4, 0, 2, 16], "texture": "#bars"},
            "east": {"uv": [4, 0, 2, 16], "texture": "#bars"},
            "south": {"uv": [2, 0, 4, 16], "texture": "#bars"},
            "west": {"uv": [2, 0, 4, 16], "texture": "#bars"},
            "up": {"uv": [2, 0, 4, 2], "texture": "#bars"},
            "down": {"uv": [2, 14, 4, 16], "texture": "#bars"}
        }
        },
        {
        "from": [0, 7, 7],
        "to": [2, 9, 9],
        "faces": {
            "north": {"uv": [2, 7, 0, 9], "texture": "#bars"},
            "east": {"uv": [2, 7, 0, 9], "texture": "#bars"},
            "south": {"uv": [0, 7, 2, 9], "texture": "#bars"},
            "west": {"uv": [0, 7, 2, 9], "texture": "#bars"},
            "up": {"uv": [0, 7, 2, 9], "texture": "#bars"},
            "down": {"uv": [0, 7, 2, 9], "texture": "#bars"}
        }
        },
        {
        "from": [4, 12, 7],
        "to": [7, 14, 9],
        "faces": {
            "north": {"uv": [7, 2, 4, 4], "texture": "#bars"},
            "east": {"uv": [2, 0, 0, 2], "texture": "#bars"},
            "south": {"uv": [4, 2, 7, 4], "texture": "#bars"},
            "west": {"uv": [0, 0, 2, 2], "texture": "#bars"},
            "up": {"uv": [4, 2, 7, 4], "texture": "#bars"},
            "down": {"uv": [4, 2, 7, 4], "texture": "#bars"}
        }
        }
    ]
}