{
    "ambientocclusion": true,
    "textures": {
        "particle": "block/iron_bars",
        "bars": "block/iron_bars"
    },
    "elements": [
        {
        "from": [12, 0, 7],
        "to": [14, 16, 9],
        "faces": {
            "north": {"uv": [14, 0, 12, 16], "texture": "#bars"},
            "east": {"uv": [14, 0, 12, 16], "texture": "#bars"},
            "south": {"uv": [12, 0, 14, 16], "texture": "#bars"},
            "west": {"uv": [12, 0, 14, 16], "texture": "#bars"},
            "up": {"uv": [12, 0, 14, 2], "texture": "#bars"},
            "down": {"uv": [12, 14, 14, 16], "texture": "#bars"}
        }
        },
        {
        "from": [14, 7, 7],
        "to": [16, 9, 9],
        "faces": {
            "north": {"uv": [16, 7, 14, 9], "texture": "#bars"},
            "east": {"uv": [16, 7, 14, 9], "texture": "#bars"},
            "south": {"uv": [14, 7, 16, 9], "texture": "#bars"},
            "west": {"uv": [14, 7, 16, 9], "texture": "#bars"},
            "up": {"uv": [14, 7, 16, 9], "texture": "#bars"},
            "down": {"uv": [14, 7, 16, 9], "texture": "#bars"}
        }
        },
        {
        "from": [9, 2, 7],
        "to": [12, 4, 9],
        "faces": {
            "north": {"uv": [12, 12, 9, 14], "texture": "#bars"},
            "east": {"uv": [2, 0, 0, 2], "texture": "#bars"},
            "south": {"uv": [9, 12, 12, 14], "texture": "#bars"},
            "west": {"uv": [0, 0, 2, 2], "texture": "#bars"},
            "up": {"uv": [9, 12, 12, 14], "texture": "#bars"},
            "down": {"uv": [9, 12, 12, 14], "texture": "#bars"}
        }
        }
    ]
}