{
	"__comment": "Designed by Philosophical",
	"textures": {
		"particle": "block/iron_bars",
		"down": "block/iron_bars",
		"up": "block/iron_bars",
		"west": "block/iron_bars",
		"east": "block/iron_bars",
		"north": "block/iron_bars",
		"south": "block/iron_bars"
	},
	"elements": [
		{
			"from": [ 7, 0, 7 ],
			"to": [ 9, 8, 9 ],
			"faces": {
				"down": { "uv": [ 10, 7, 12, 9 ], "texture": "#particle", "rotation": 270 },
				"north": { "uv": [ 2, 8, 4, 16 ], "texture": "#particle" },
				"south": { "uv": [ 2, 8, 4, 16 ], "texture": "#particle" },
				"west": { "uv": [ 4, 8, 2, 16 ], "texture": "#particle" },
				"east": { "uv": [ 4, 8, 2, 16 ], "texture": "#particle" }
			}
		},
		{
			"from": [ 7, 8, 7 ],
			"to": [ 9, 16, 9 ],
			"faces": {
				"up": { "uv": [ 10, 7, 12, 9 ], "texture": "#up" },
				"north": { "uv": [ 7, 4, 9, 12 ], "texture": "#north" },
				"south": { "uv": [ 7, 4, 9, 12 ], "texture": "#south" },
				"west": { "uv": [ 9, 0, 7, 8 ], "texture": "#west" },
				"east": { "uv": [ 9, 0, 7, 8 ], "texture": "#east" }
			}
		}
	]
}