{
	"__comment": "Designed by Cm@BlackSpigotMC with Cubik Studio - https://cubik.studio",
	"textures": {
		"particle": "block/jukebox_side",
		"texture": "block/jukebox_side",
		"texture1": "block/jukebox_top",
		"texture2": "block/jukebox_extra"
	},
	"elements": [
		{
			"__comment": "Cube1",
			"from": [ 0, 0, 0 ],
			"to": [ 16, 15, 16 ],
			"faces": {
				"down": { "uv": [ 0, 0, 16, 16 ], "texture": "#texture" },
				"up": { "uv": [ 0, 0, 16, 16 ], "texture": "#texture1" },
				"north": { "uv": [ 0, 1, 16, 16 ], "texture": "#texture" },
				"south": { "uv": [ 0, 1, 16, 16 ], "texture": "#texture" },
				"west": { "uv": [ 0, 1, 16, 16 ], "texture": "#texture" },
				"east": { "uv": [ 0, 1, 16, 16 ], "texture": "#texture" }
			}
		},
		{
			"__comment": "Cube2",
			"from": [ 0, 15, 0 ],
			"to": [ 1, 16, 16 ],
			"faces": {
				"down": { "uv": [ 0, 0, 1, 16 ], "texture": "#texture" },
				"up": { "uv": [ 0, 0, 1, 16 ], "texture": "#texture" },
				"north": { "uv": [ 15, 0, 16, 1 ], "texture": "#texture" },
				"south": { "uv": [ 0, 0, 1, 1 ], "texture": "#texture" },
				"west": { "uv": [ 0, 0, 16, 1 ], "texture": "#texture" },
				"east": { "uv": [ 0, 0, 16, 1 ], "texture": "#texture" }
			}
		},
		{
			"__comment": "Cube3",
			"from": [ 15, 15, 0 ],
			"to": [ 16, 16, 16 ],
			"faces": {
				"down": { "uv": [ 15, 0, 16, 16 ], "texture": "#texture" },
				"up": { "uv": [ 15, 0, 16, 16 ], "texture": "#texture" },
				"north": { "uv": [ 0, 0, 1, 1 ], "texture": "#texture" },
				"south": { "uv": [ 15, 0, 16, 1 ], "texture": "#texture" },
				"west": { "uv": [ 0, 0, 16, 1 ], "texture": "#texture" },
				"east": { "uv": [ 0, 0, 16, 1 ], "texture": "#texture" }
			}
		},
		{
			"__comment": "Cube4",
			"from": [ 1, 15, 0 ],
			"to": [ 15, 16, 1 ],
			"faces": {
				"down": { "uv": [ 1, 15, 15, 16 ], "texture": "#texture" },
				"up": { "uv": [ 1, 0, 15, 1 ], "texture": "#texture" },
				"north": { "uv": [ 1, 0, 15, 1 ], "texture": "#texture" },
				"south": { "uv": [ 1, 0, 15, 1 ], "texture": "#texture" },
				"west": { "uv": [ 0, 0, 1, 1 ], "texture": "#texture" },
				"east": { "uv": [ 15, 0, 16, 1 ], "texture": "#texture" }
			}
		},
		{
			"__comment": "Cube5",
			"from": [ 1, 15, 15 ],
			"to": [ 15, 16, 16 ],
			"faces": {
				"down": { "uv": [ 1, 0, 15, 1 ], "texture": "#texture" },
				"up": { "uv": [ 1, 15, 15, 16 ], "texture": "#texture" },
				"north": { "uv": [ 1, 0, 15, 1 ], "texture": "#texture" },
				"south": { "uv": [ 1, 0, 15, 1 ], "texture": "#texture" },
				"west": { "uv": [ 15, 0, 16, 1 ], "texture": "#texture" },
				"east": { "uv": [ 0, 0, 1, 1 ], "texture": "#texture" }
			}
		},
		{
			"__comment": "Cube6",
			"from": [ 7.5, 15, 7.5 ],
			"to": [ 8.5, 16.5, 8.5 ],
			"faces": {
				"down": { "uv": [ 0, 1, 1, 2 ], "texture": "#texture2" },
				"up": { "uv": [ 0, 0, 1, 1 ], "texture": "#texture2" },
				"north": { "uv": [ 0, 0, 1, 2 ], "texture": "#texture2" },
				"south": { "uv": [ 0, 0, 1, 2 ], "texture": "#texture2" },
				"west": { "uv": [ 0, 0, 1, 2 ], "texture": "#texture2" },
				"east": { "uv": [ 0, 0, 1, 2 ], "texture": "#texture2" }
			}
		},
		{
			"__comment": "Cube6",
			"from": [ 12.5, 15, 12.5 ],
			"to": [ 13.5, 16, 13.5 ],
			"faces": {
				"north": { "uv": [ 1, 0, 2, 1 ], "texture": "#texture2" },
				"south": { "uv": [ 1, 0, 2, 1 ], "texture": "#texture2" },
				"west": { "uv": [ 1, 0, 2, 1 ], "texture": "#texture2" },
				"east": { "uv": [ 1, 0, 2, 1 ], "texture": "#texture2" }
			}
		},
		{
			"__comment": "Cube8",
			"from": [ 12, 15.75, 12 ],
			"to": [ 14, 16.75, 14 ],
			"faces": {
				"down": { "uv": [ 0, 2, 2, 4 ], "texture": "#texture2" },
				"up": { "uv": [ 0, 2, 2, 4 ], "texture": "#texture2" },
				"north": { "uv": [ 0, 3, 2, 4 ], "texture": "#texture2" },
				"south": { "uv": [ 0, 2, 2, 3 ], "texture": "#texture2" },
				"west": { "uv": [ 1, 2, 2, 4 ], "texture": "#texture2", "rotation": 90 },
				"east": { "uv": [ 0, 2, 1, 4 ], "texture": "#texture2", "rotation": 270 }
			}
		},
		{
			"__comment": "Cube9",
			"from": [ 12.5, 16, 6 ],
			"to": [ 13.5, 16.5, 12 ],
			"faces": {
				"down": { "uv": [ 2, 2, 8, 3 ], "texture": "#texture2", "rotation": 270 },
				"up": { "uv": [ 2, 2, 8, 3 ], "texture": "#texture2", "rotation": 270 },
				"west": { "uv": [ 2, 2, 8, 3 ], "texture": "#texture2" },
				"east": { "uv": [ 2, 2, 8, 3 ], "texture": "#texture2" }
			}
		},
		{
			"__comment": "Cube8",
			"from": [ 12.25, 15.75, 4 ],
			"to": [ 13.75, 16.75, 6 ],
			"faces": {
				"down": { "uv": [ 8, 2, 10, 4 ], "texture": "#texture2" },
				"up": { "uv": [ 8, 2, 10, 4 ], "texture": "#texture2" },
				"north": { "uv": [ 8, 3, 10, 4 ], "texture": "#texture2" },
				"south": { "uv": [ 8, 2, 10, 3 ], "texture": "#texture2" },
				"west": { "uv": [ 9, 2, 10, 4 ], "texture": "#texture2", "rotation": 90 },
				"east": { "uv": [ 8, 2, 9, 4 ], "texture": "#texture2", "rotation": 270 }
			}
		}
	],
	"display": {
        "gui": {
            "rotation": [ 30, 225, 0 ],
            "translation": [ 0, 0, 0],
            "scale":[ 0.625, 0.625, 0.625 ]
        },
        "ground": {
            "rotation": [ 0, 0, 0 ],
            "translation": [ 0, 3, 0],
            "scale":[ 0.25, 0.25, 0.25 ]
        },
        "fixed": {
            "rotation": [ 0, 0, 0 ],
            "translation": [ 0, 0, 0],
            "scale":[ 0.5, 0.5, 0.5 ]
        },
        "thirdperson_righthand": {
            "rotation": [ 75, 45, 0 ],
            "translation": [ 0, 2.5, 0],
            "scale": [ 0.375, 0.375, 0.375 ]
        },
        "firstperson_righthand": {
            "rotation": [ 0, 45, 0 ],
            "translation": [ 0, 0, 0 ],
            "scale": [ 0.40, 0.40, 0.40 ]
        },
        "firstperson_lefthand": {
            "rotation": [ 0, 225, 0 ],
            "translation": [ 0, 0, 0 ],
            "scale": [ 0.40, 0.40, 0.40 ]
        }
    }
}