{
	"__comment": "Designed by Cm@BlackSpigotMC with Cubik Studio - https://cubik.studio",
	"textures": {
		"particle": "block/jukebox_side",
		"texture": "block/jukebox_side",
		"texture1": "block/jukebox_top_on",
		"texture2": "block/jukebox_extra"
	},
	"elements": [
		{
			"__comment": "Cube1",
			"from": [ 0, 0, 0 ],
			"to": [ 16, 15, 16 ],
			"faces": {
				"down": { "uv": [ 0, 0, 16, 16 ], "texture": "#texture" },
				"up": { "uv": [ 0, 0, 16, 16 ], "texture": "#texture1" },
				"north": { "uv": [ 0, 1, 16, 16 ], "texture": "#texture" },
				"south": { "uv": [ 0, 1, 16, 16 ], "texture": "#texture" },
				"west": { "uv": [ 0, 1, 16, 16 ], "texture": "#texture" },
				"east": { "uv": [ 0, 1, 16, 16 ], "texture": "#texture" }
			}
		},
		{
			"__comment": "Cube2",
			"from": [ 0, 15, 0 ],
			"to": [ 1, 16, 16 ],
			"faces": {
				"down": { "uv": [ 0, 0, 1, 16 ], "texture": "#texture" },
				"up": { "uv": [ 0, 0, 1, 16 ], "texture": "#texture" },
				"north": { "uv": [ 15, 0, 16, 1 ], "texture": "#texture" },
				"south": { "uv": [ 0, 0, 1, 1 ], "texture": "#texture" },
				"west": { "uv": [ 0, 0, 16, 1 ], "texture": "#texture" },
				"east": { "uv": [ 0, 0, 16, 1 ], "texture": "#texture" }
			}
		},
		{
			"__comment": "Cube3",
			"from": [ 15, 15, 0 ],
			"to": [ 16, 16, 16 ],
			"faces": {
				"down": { "uv": [ 15, 0, 16, 16 ], "texture": "#texture" },
				"up": { "uv": [ 15, 0, 16, 16 ], "texture": "#texture" },
				"north": { "uv": [ 0, 0, 1, 1 ], "texture": "#texture" },
				"south": { "uv": [ 15, 0, 16, 1 ], "texture": "#texture" },
				"west": { "uv": [ 0, 0, 16, 1 ], "texture": "#texture" },
				"east": { "uv": [ 0, 0, 16, 1 ], "texture": "#texture" }
			}
		},
		{
			"__comment": "Cube4",
			"from": [ 1, 15, 0 ],
			"to": [ 15, 16, 1 ],
			"faces": {
				"down": { "uv": [ 1, 15, 15, 16 ], "texture": "#texture" },
				"up": { "uv": [ 1, 0, 15, 1 ], "texture": "#texture" },
				"north": { "uv": [ 1, 0, 15, 1 ], "texture": "#texture" },
				"south": { "uv": [ 1, 0, 15, 1 ], "texture": "#texture" },
				"west": { "uv": [ 0, 0, 1, 1 ], "texture": "#texture" },
				"east": { "uv": [ 15, 0, 16, 1 ], "texture": "#texture" }
			}
		},
		{
			"__comment": "Cube5",
			"from": [ 1, 15, 15 ],
			"to": [ 15, 16, 16 ],
			"faces": {
				"down": { "uv": [ 1, 0, 15, 1 ], "texture": "#texture" },
				"up": { "uv": [ 1, 15, 15, 16 ], "texture": "#texture" },
				"north": { "uv": [ 1, 0, 15, 1 ], "texture": "#texture" },
				"south": { "uv": [ 1, 0, 15, 1 ], "texture": "#texture" },
				"west": { "uv": [ 15, 0, 16, 1 ], "texture": "#texture" },
				"east": { "uv": [ 0, 0, 1, 1 ], "texture": "#texture" }
			}
		},
		{
			"__comment": "Cube6",
			"from": [ 7.5, 15, 7.5 ],
			"to": [ 8.5, 16.5, 8.5 ],
			"faces": {
				"down": { "uv": [ 0, 1, 1, 2 ], "texture": "#texture2" },
				"up": { "uv": [ 0, 0, 1, 1 ], "texture": "#texture2" },
				"north": { "uv": [ 0, 0, 1, 2 ], "texture": "#texture2" },
				"south": { "uv": [ 0, 0, 1, 2 ], "texture": "#texture2" },
				"west": { "uv": [ 0, 0, 1, 2 ], "texture": "#texture2" },
				"east": { "uv": [ 0, 0, 1, 2 ], "texture": "#texture2" }
			}
		},
		{
			"__comment": "Cube6",
			"from": [ 12.5, 15, 12.5 ],
			"to": [ 13.5, 16, 13.5 ],
			"faces": {
				"north": { "uv": [ 1, 0, 2, 1 ], "texture": "#texture2" },
				"south": { "uv": [ 1, 0, 2, 1 ], "texture": "#texture2" },
				"west": { "uv": [ 1, 0, 2, 1 ], "texture": "#texture2" },
				"east": { "uv": [ 1, 0, 2, 1 ], "texture": "#texture2" }
			}
		},
		{
			"__comment": "Cube8",
			"from": [ 12, 15.75, 12 ],
			"to": [ 14, 16.75, 14 ],
			"rotation": { "origin": [ 13, 15.75, 13 ], "axis": "y", "angle": 22.5 },
			"faces": {
				"down": { "uv": [ 0, 2, 2, 4 ], "texture": "#texture2" },
				"up": { "uv": [ 0, 2, 2, 4 ], "texture": "#texture2" },
				"north": { "uv": [ 0, 3, 2, 4 ], "texture": "#texture2" },
				"south": { "uv": [ 0, 2, 2, 3 ], "texture": "#texture2" },
				"west": { "uv": [ 1, 2, 2, 4 ], "texture": "#texture2", "rotation": 90 },
				"east": { "uv": [ 0, 2, 1, 4 ], "texture": "#texture2", "rotation": 270 }
			}
		},
		{
			"__comment": "Cube9",
			"from": [ 12.5, 16, 6 ],
			"to": [ 13.5, 16.5, 12 ],
			"rotation": { "origin": [ 13, 15.75, 13 ], "axis": "y", "angle": 22.5 },
			"faces": {
				"down": { "uv": [ 2, 2, 8, 3 ], "texture": "#texture2", "rotation": 270 },
				"up": { "uv": [ 2, 2, 8, 3 ], "texture": "#texture2", "rotation": 270 },
				"west": { "uv": [ 2, 2, 8, 3 ], "texture": "#texture2" },
				"east": { "uv": [ 2, 2, 8, 3 ], "texture": "#texture2" }
			}
		},
		{
			"__comment": "Cube8",
			"from": [ 12.25, 15.75, 4 ],
			"to": [ 13.75, 16.75, 6 ],
			"rotation": { "origin": [ 13, 15.75, 13 ], "axis": "y", "angle": 22.5 },
			"faces": {
				"down": { "uv": [ 8, 2, 10, 4 ], "texture": "#texture2" },
				"up": { "uv": [ 8, 2, 10, 4 ], "texture": "#texture2" },
				"north": { "uv": [ 8, 3, 10, 4 ], "texture": "#texture2" },
				"south": { "uv": [ 8, 2, 10, 3 ], "texture": "#texture2" },
				"west": { "uv": [ 9, 2, 10, 4 ], "texture": "#texture2", "rotation": 90 },
				"east": { "uv": [ 8, 2, 9, 4 ], "texture": "#texture2", "rotation": 270 }
			}
		},
		{
			"__comment": "Cube12",
			"from": [ 4, 15, 4 ],
			"to": [ 12, 15.5, 12 ],
			"faces": {
				"up": { "uv": [ 4, 4, 12, 12 ], "texture": "#texture1" },
				"north": { "uv": [ 0, 4, 1, 5 ], "texture": "#texture2" },
				"south": { "uv": [ 0, 4, 1, 5 ], "texture": "#texture2" },
				"west": { "uv": [ 0, 4, 1, 5 ], "texture": "#texture2" },
				"east": { "uv": [ 0, 4, 1, 5 ], "texture": "#texture2" }
			}
		},
		{
			"__comment": "Cube13",
			"from": [ 3, 15, 6 ],
			"to": [ 4, 15.5, 10 ],
			"faces": {
				"up": { "uv": [ 3, 6, 4, 10 ], "texture": "#texture1" },
				"north": { "uv": [ 0, 4, 1, 5 ], "texture": "#texture2" },
				"south": { "uv": [ 0, 4, 1, 5 ], "texture": "#texture2" },
				"west": { "uv": [ 0, 4, 1, 5 ], "texture": "#texture2" }
			}
		},
		{
			"__comment": "Cube14",
			"from": [ 6, 15, 3 ],
			"to": [ 10, 15.5, 4 ],
			"faces": {
				"up": { "uv": [ 6, 3, 10, 4 ], "texture": "#texture1" },
				"north": { "uv": [ 0, 4, 1, 5 ], "texture": "#texture2" },
				"west": { "uv": [ 0, 4, 1, 5 ], "texture": "#texture2" },
				"east": { "uv": [ 0, 4, 1, 5 ], "texture": "#texture2" }
			}
		},
		{
			"__comment": "Cube15",
			"from": [ 12, 15, 6 ],
			"to": [ 13, 15.5, 10 ],
			"faces": {
				"up": { "uv": [ 12, 6, 13, 10 ], "texture": "#texture1" },
				"north": { "uv": [ 0, 4, 1, 5 ], "texture": "#texture2" },
				"south": { "uv": [ 0, 4, 1, 5 ], "texture": "#texture2" },
				"east": { "uv": [ 0, 4, 1, 5 ], "texture": "#texture2" }
			}
		},
		{
			"__comment": "Cube16",
			"from": [ 6, 15, 12 ],
			"to": [ 10, 15.5, 13 ],
			"faces": {
				"up": { "uv": [ 6, 12, 10, 13 ], "texture": "#texture1" },
				"south": { "uv": [ 0, 4, 1, 5 ], "texture": "#texture2" },
				"west": { "uv": [ 0, 4, 1, 5 ], "texture": "#texture2" },
				"east": { "uv": [ 0, 4, 1, 5 ], "texture": "#texture2" }
			}
		}
	]
}