{
	"__comment": "Designed by Cm@BlackSpigotMC with Cubik Studio - https://cubik.studio",
	"textures": {
		"particle": "block/lantern",
		"texture": "block/lantern"
	},
	"elements": [
		{
			"__comment": "Cube1",
			"from": [ 5, 1, 5 ],
			"to": [ 11, 2, 11 ],
			"faces": {
				"down": { "uv": [ 0, 9, 6, 15 ], "texture": "#texture" },
				"up": { "uv": [ 0, 9, 6, 15 ], "texture": "#texture" },
				"north": { "uv": [ 0, 8, 6, 9 ], "texture": "#texture" },
				"south": { "uv": [ 0, 8, 6, 9 ], "texture": "#texture" },
				"west": { "uv": [ 0, 8, 6, 9 ], "texture": "#texture" },
				"east": { "uv": [ 0, 8, 6, 9 ], "texture": "#texture" }
			}
		},
		{
			"__comment": "Cube2",
			"from": [ 5, 2, 5 ],
			"to": [ 6, 7, 6 ],
			"faces": {
				"north": { "uv": [ 0, 3, 1, 8 ], "texture": "#texture" },
				"south": { "uv": [ 0, 3, 1, 8 ], "texture": "#texture" },
				"west": { "uv": [ 0, 3, 1, 8 ], "texture": "#texture" },
				"east": { "uv": [ 0, 3, 1, 8 ], "texture": "#texture" }
			}
		},
		{
			"__comment": "Cube3",
			"from": [ 10, 2, 10 ],
			"to": [ 11, 7, 11 ],
			"faces": {
				"north": { "uv": [ 0, 3, 1, 8 ], "texture": "#texture" },
				"south": { "uv": [ 0, 3, 1, 8 ], "texture": "#texture" },
				"west": { "uv": [ 0, 3, 1, 8 ], "texture": "#texture" },
				"east": { "uv": [ 0, 3, 1, 8 ], "texture": "#texture" }
			}
		},
		{
			"__comment": "Cube4",
			"from": [ 10, 2, 5 ],
			"to": [ 11, 7, 6 ],
			"faces": {
				"north": { "uv": [ 0, 3, 1, 8 ], "texture": "#texture" },
				"south": { "uv": [ 0, 3, 1, 8 ], "texture": "#texture" },
				"west": { "uv": [ 0, 3, 1, 8 ], "texture": "#texture" },
				"east": { "uv": [ 0, 3, 1, 8 ], "texture": "#texture" }
			}
		},
		{
			"__comment": "Cube5",
			"from": [ 5, 2, 10 ],
			"to": [ 6, 7, 11 ],
			"faces": {
				"north": { "uv": [ 0, 3, 1, 8 ], "texture": "#texture" },
				"south": { "uv": [ 0, 3, 1, 8 ], "texture": "#texture" },
				"west": { "uv": [ 0, 3, 1, 8 ], "texture": "#texture" },
				"east": { "uv": [ 0, 3, 1, 8 ], "texture": "#texture" }
			}
		},
		{
			"__comment": "Cube6",
			"from": [ 5, 7, 5 ],
			"to": [ 11, 8, 11 ],
			"faces": {
				"down": { "uv": [ 0, 9, 6, 15 ], "texture": "#texture" },
				"up": { "uv": [ 0, 9, 6, 15 ], "texture": "#texture" },
				"north": { "uv": [ 0, 2, 6, 3 ], "texture": "#texture" },
				"south": { "uv": [ 0, 2, 6, 3 ], "texture": "#texture" },
				"west": { "uv": [ 0, 2, 6, 3 ], "texture": "#texture" },
				"east": { "uv": [ 0, 2, 6, 3 ], "texture": "#texture" }
			}
		},
		{
			"__comment": "Cube7",
			"from": [ 6, 2, 6 ],
			"to": [ 10, 7, 10 ],
			"shade": false,
			"faces": {
				"north": { "uv": [ 1, 3, 5, 8 ], "texture": "#texture" },
				"south": { "uv": [ 1, 3, 5, 8 ], "texture": "#texture" },
				"west": { "uv": [ 1, 3, 5, 8 ], "texture": "#texture" },
				"east": { "uv": [ 1, 3, 5, 8 ], "texture": "#texture" }
			}
		},
		{
			"__comment": "Cube8",
			"from": [ 6, 8, 6 ],
			"to": [ 10, 10, 10 ],
			"faces": {
				"up": { "uv": [ 1, 10, 5, 14 ], "texture": "#texture" },
				"north": { "uv": [ 1, 0, 5, 2 ], "texture": "#texture" },
				"south": { "uv": [ 1, 0, 5, 2 ], "texture": "#texture" },
				"west": { "uv": [ 1, 0, 5, 2 ], "texture": "#texture" },
				"east": { "uv": [ 1, 0, 5, 2 ], "texture": "#texture" }
			}
		},
		{
			"__comment": "Cube9",
			"from": [ 6.5, 10, 7.5 ],
			"to": [ 7.5, 12, 8.5 ],
			"faces": {
				"up": { "uv": [ 13, 1, 14, 2 ], "texture": "#texture" },
				"north": { "uv": [ 13, 1, 14, 3 ], "texture": "#texture" },
				"south": { "uv": [ 13, 1, 14, 3 ], "texture": "#texture" },
				"west": { "uv": [ 13, 1, 14, 3 ], "texture": "#texture" },
				"east": { "uv": [ 13, 1, 14, 3 ], "texture": "#texture" }
			}
		},
		{
			"__comment": "Cube10",
			"from": [ 7.5, 11, 7.5 ],
			"to": [ 8.5, 12, 8.5 ],
			"faces": {
				"down": { "uv": [ 12, 1, 13, 2 ], "texture": "#texture" },
				"up": { "uv": [ 12, 1, 13, 2 ], "texture": "#texture" },
				"north": { "uv": [ 12, 1, 13, 2 ], "texture": "#texture" },
				"south": { "uv": [ 12, 1, 13, 2 ], "texture": "#texture" }
			}
		},
		{
			"__comment": "Cube11",
			"from": [ 8.5, 10, 7.5 ],
			"to": [ 9.5, 12, 8.5 ],
			"faces": {
				"up": { "uv": [ 11, 1, 12, 2 ], "texture": "#texture" },
				"north": { "uv": [ 11, 1, 12, 3 ], "texture": "#texture" },
				"south": { "uv": [ 11, 1, 12, 3 ], "texture": "#texture" },
				"west": { "uv": [ 11, 1, 12, 3 ], "texture": "#texture" },
				"east": { "uv": [ 11, 1, 12, 3 ], "texture": "#texture" }
			}
		},
		{
			"__comment": "Cube12",
			"from": [ 7.5, 11, 6.5 ],
			"to": [ 8.5, 15, 7.5 ],
			"faces": {
				"down": { "uv": [ 11, 4, 12, 5 ], "texture": "#texture" },
				"up": { "uv": [ 11, 1, 12, 2 ], "texture": "#texture" },
				"north": { "uv": [ 11, 1, 12, 5 ], "texture": "#texture" },
				"south": { "uv": [ 11, 1, 12, 5 ], "texture": "#texture" },
				"west": { "uv": [ 11, 1, 12, 5 ], "texture": "#texture" },
				"east": { "uv": [ 11, 1, 12, 5 ], "texture": "#texture" }
			}
		},
		{
			"__comment": "Cube13",
			"from": [ 7.5, 11, 8.5 ],
			"to": [ 8.5, 15, 9.5 ],
			"faces": {
				"down": { "uv": [ 13, 4, 14, 5 ], "texture": "#texture" },
				"up": { "uv": [ 13, 1, 14, 2 ], "texture": "#texture" },
				"north": { "uv": [ 13, 1, 14, 5 ], "texture": "#texture" },
				"south": { "uv": [ 13, 1, 14, 5 ], "texture": "#texture" },
				"west": { "uv": [ 13, 1, 14, 5 ], "texture": "#texture" },
				"east": { "uv": [ 13, 1, 14, 5 ], "texture": "#texture" }
			}
		},
		{
			"__comment": "Cube14",
			"from": [ 7.5, 14, 7.5 ],
			"to": [ 8.5, 15, 8.5 ],
			"faces": {
				"down": { "uv": [ 12, 1, 13, 2 ], "texture": "#texture" },
				"up": { "uv": [ 12, 1, 13, 2 ], "texture": "#texture" },
				"west": { "uv": [ 12, 1, 13, 2 ], "texture": "#texture" },
				"east": { "uv": [ 12, 1, 13, 2 ], "texture": "#texture" }
			}
		},
		{
			"__comment": "Cube15",
			"from": [ 6.5, 14, 7.5 ],
			"to": [ 7.5, 16, 8.5 ],
			"faces": {
				"down": { "uv": [ 13, 4, 14, 5 ], "texture": "#texture" },
				"north": { "uv": [ 13, 3, 14, 5 ], "texture": "#texture" },
				"south": { "uv": [ 13, 3, 14, 5 ], "texture": "#texture" },
				"west": { "uv": [ 13, 3, 14, 5 ], "texture": "#texture" },
				"east": { "uv": [ 13, 3, 14, 5 ], "texture": "#texture" }
			}
		},
		{
			"__comment": "Cube16",
			"from": [ 8.5, 14, 7.5 ],
			"to": [ 9.5, 16, 8.5 ],
			"faces": {
				"down": { "uv": [ 11, 4, 12, 5 ], "texture": "#texture" },
				"north": { "uv": [ 11, 3, 12, 5 ], "texture": "#texture" },
				"south": { "uv": [ 11, 3, 12, 5 ], "texture": "#texture" },
				"west": { "uv": [ 11, 3, 12, 5 ], "texture": "#texture" },
				"east": { "uv": [ 11, 3, 12, 5 ], "texture": "#texture" }
			}
		}
	]
}