{
	"credit": "Made with Blockbench",
	"ambientocclusion": false,
	"textures": {
		"4": "block/ground_vines_p",
		"particle": "block/pumpkin_stem"
	},
	"elements": [
		{
			"from": [0, -1, 8],
			"to": [16, 15, 8],
			"rotation": {"angle": 45, "axis": "y", "origin": [8, 8, 8], "rescale": true},
			"faces": {
				"north": {"uv": [0, 0, 16, 16], "texture": "#particle", "tintindex": 0},
				"east": {"uv": [0, 0, 0, 0], "texture": "#particle"},
				"south": {"uv": [16, 0, 0, 16], "texture": "#particle", "tintindex": 0},
				"west": {"uv": [0, 0, 0, 0], "texture": "#particle"},
				"up": {"uv": [0, 0, 0, 0], "texture": "#particle"},
				"down": {"uv": [0, 0, 0, 0], "texture": "#particle"}
			}
		},
		{
			"from": [8, -1, 0],
			"to": [8, 15, 16],
			"rotation": {"angle": 45, "axis": "y", "origin": [8, 8, 8], "rescale": true},
			"faces": {
				"north": {"uv": [0, 0, 0, 0], "texture": "#particle"},
				"east": {"uv": [16, 0, 0, 16], "texture": "#particle", "tintindex": 0},
				"south": {"uv": [0, 0, 0, 0], "texture": "#particle"},
				"west": {"uv": [0, 0, 16, 16], "texture": "#particle", "tintindex": 0},
				"up": {"uv": [0, 0, 0, 0], "texture": "#particle"},
				"down": {"uv": [0, 0, 0, 0], "texture": "#particle"}
			}
		},
		{
			"from": [0, -0.25, 0],
			"to": [16, -0.25, 16],
			"faces": {
				"north": {"uv": [0, 0, 16, 0], "texture": "#4"},
				"east": {"uv": [0, 0, 16, 0], "texture": "#4"},
				"south": {"uv": [0, 0, 16, 0], "texture": "#4"},
				"west": {"uv": [0, 0, 16, 0], "texture": "#4"},
				"up": {"uv": [0, 0, 16, 16], "texture": "#4"},
				"down": {"uv": [0, 0, 16, 16], "texture": "#4"}
			}
		}
	]
}