{
	"__comment": "Designed by Philosophical",
	"parent": "block/cube_column",
	"ambientocclusion": false,
	"textures": {
		"particle": "block/pumpkin_side",
		"side": "block/pumpkin_side",
		"top": "block/pumpkin_top",
		"stem": "block/pumpkin_stem1"
	},
	"elements": [
		{
			"__comment": "pumpkin",
			"from": [ 0, 0, 0 ],
			"to": [ 16, 16, 16 ],
			"faces": {
				"down": { "uv": [ 0, 0, 16, 16 ], "texture": "#top" },
				"up": { "uv": [ 0, 0, 16, 16 ], "texture": "#top" },
				"north": { "uv": [ 0, 0, 16, 16 ], "texture": "#side" },
				"south": { "uv": [ 0, 0, 16, 16 ], "texture": "#side" },
				"west": { "uv": [ 0, 0, 16, 16 ], "texture": "#side" },
				"east": { "uv": [ 0, 0, 16, 16 ], "texture": "#side" }
			}
		},
		{
			"__comment": "stem",
			"from": [ 6.5, 16, 6.5 ],
			"to": [ 9.5, 20, 9.5 ],
			"faces": {
				"up": { "uv": [ 7, 0, 10, 3 ], "texture": "#stem" },
				"north": { "uv": [ 7, 3, 10, 7 ], "texture": "#stem" },
				"south": { "uv": [ 7, 3, 10, 7 ], "texture": "#stem" },
				"west": { "uv": [ 10, 5, 7, 9 ], "texture": "#stem" },
				"east": { "uv": [ 10, 5, 7, 9 ], "texture": "#stem" }
			}
		}
	]
}