{
	"__comment": "Designed by Philosophical",
	"textures": {
		"particle": "block/rail_corner",
		"corner_rail": "block/rail_corner",
		"wood": "block/rail_corner_wood"
	},
	"elements": [
		{
			"__comment": "Cube2",
			"from": [ 2, 1, 12 ],
			"to": [ 4, 2, 16 ],
			"faces": {
				"down": { "uv": [ 2, 16, 4, 12 ], "texture": "#corner_rail" },
				"up": { "uv": [ 2, 12, 4, 16 ], "texture": "#corner_rail" },
				"north": { "uv": [ 4, 15, 2, 16 ], "texture": "#corner_rail" },
				"south": { "uv": [ 2, 12, 4, 13 ], "texture": "#corner_rail" },
				"west": { "uv": [ 2, 12, 3, 16 ], "texture": "#corner_rail", "rotation": 270 },
				"east": { "uv": [ 3, 12, 4, 16 ], "texture": "#corner_rail", "rotation": 270 }
			}
		},
		{
			"__comment": "Cube2",
			"from": [ 3, 1, 10 ],
			"to": [ 5, 2, 12 ],
			"faces": {
				"down": { "uv": [ 3, 12, 5, 10 ], "texture": "#corner_rail" },
				"up": { "uv": [ 3, 10, 5, 12 ], "texture": "#corner_rail" },
				"north": { "uv": [ 5, 10, 3, 11 ], "texture": "#corner_rail" },
				"south": { "uv": [ 3, 11, 5, 12 ], "texture": "#corner_rail" },
				"west": { "uv": [ 3, 10, 4, 12 ], "texture": "#corner_rail", "rotation": 270 },
				"east": { "uv": [ 4, 10, 5, 12 ], "texture": "#corner_rail", "rotation": 90 }
			}
		},
		{
			"__comment": "Cube2",
			"from": [ 4, 1, 8 ],
			"to": [ 6, 2, 10 ],
			"faces": {
				"down": { "uv": [ 4, 10, 6, 8 ], "texture": "#corner_rail" },
				"up": { "uv": [ 4, 8, 6, 10 ], "texture": "#corner_rail" },
				"north": { "uv": [ 6, 9, 4, 10 ], "texture": "#corner_rail" },
				"south": { "uv": [ 4, 8, 6, 9 ], "texture": "#corner_rail" },
				"west": { "uv": [ 4, 8, 5, 10 ], "texture": "#corner_rail", "rotation": 270 },
				"east": { "uv": [ 5, 8, 6, 10 ], "texture": "#corner_rail", "rotation": 270 }
			}
		},
		{
			"__comment": "Cube2",
			"from": [ 8, 1, 4 ],
			"to": [ 10, 2, 6 ],
			"faces": {
				"down": { "uv": [ 8, 6, 10, 4 ], "texture": "#corner_rail" },
				"up": { "uv": [ 8, 4, 10, 6 ], "texture": "#corner_rail" },
				"north": { "uv": [ 8, 4, 10, 5 ], "texture": "#corner_rail" },
				"south": { "uv": [ 8, 5, 10, 6 ], "texture": "#corner_rail" },
				"west": { "uv": [ 8, 4, 9, 6 ], "texture": "#corner_rail", "rotation": 270 },
				"east": { "uv": [ 9, 4, 10, 6 ], "texture": "#corner_rail", "rotation": 90 }
			}
		},
		{
			"__comment": "Cube2",
			"from": [ 10, 1, 3 ],
			"to": [ 12, 2, 5 ],
			"faces": {
				"down": { "uv": [ 10, 5, 12, 3 ], "texture": "#corner_rail" },
				"up": { "uv": [ 10, 3, 12, 5 ], "texture": "#corner_rail" },
				"north": { "uv": [ 12, 3, 10, 4 ], "texture": "#corner_rail" },
				"south": { "uv": [ 10, 4, 12, 5 ], "texture": "#corner_rail" },
				"west": { "uv": [ 2, 12, 4, 13 ], "texture": "#corner_rail" },
				"east": { "uv": [ 4, 15, 2, 16 ], "texture": "#corner_rail" }
			}
		},
		{
			"__comment": "Cube2",
			"from": [ 12, 1, 2 ],
			"to": [ 16, 2, 4 ],
			"faces": {
				"down": { "uv": [ 12, 4, 16, 2 ], "texture": "#corner_rail" },
				"up": { "uv": [ 12, 2, 16, 4 ], "texture": "#corner_rail" },
				"north": { "uv": [ 16, 2, 12, 3 ], "texture": "#corner_rail" },
				"south": { "uv": [ 12, 3, 16, 4 ], "texture": "#corner_rail" },
				"west": { "uv": [ 15, 2, 16, 4 ], "texture": "#corner_rail", "rotation": 270 },
				"east": { "uv": [ 12, 2, 13, 4 ], "texture": "#corner_rail", "rotation": 90 }
			}
		},
		{
			"__comment": "Cube2",
			"from": [ 12, 1, 14 ],
			"to": [ 14, 2, 16 ],
			"faces": {
				"up": { "uv": [ 12, 14, 14, 16 ], "texture": "#corner_rail" },
				"north": { "uv": [ 14, 14, 12, 15 ], "texture": "#corner_rail" },
				"south": { "uv": [ 12, 15, 14, 16 ], "texture": "#corner_rail" },
				"west": { "uv": [ 12, 14, 13, 16 ], "texture": "#corner_rail", "rotation": 270 },
				"east": { "uv": [ 13, 14, 14, 16 ], "texture": "#corner_rail", "rotation": 90 }
			}
		},
		{
			"__comment": "Cube2",
			"from": [ 14, 1, 12 ],
			"to": [ 16, 2, 14 ],
			"faces": {
				"up": { "uv": [ 14, 12, 16, 14 ], "texture": "#corner_rail" },
				"north": { "uv": [ 16, 12, 14, 13 ], "texture": "#corner_rail" },
				"south": { "uv": [ 14, 13, 16, 14 ], "texture": "#corner_rail" },
				"west": { "uv": [ 15, 12, 14, 14 ], "texture": "#corner_rail", "rotation": 270 },
				"east": { "uv": [ 15, 12, 16, 14 ], "texture": "#corner_rail", "rotation": 90 }
			}
		},
		{
			"__comment": "Cube2",
			"from": [ 5, 1, 7 ],
			"to": [ 7, 2, 8 ],
			"faces": {
				"down": { "uv": [ 5, 7, 7, 8 ], "texture": "#corner_rail" },
				"up": { "uv": [ 5, 7, 7, 8 ], "texture": "#corner_rail" },
				"north": { "uv": [ 7, 7, 5, 8 ], "texture": "#corner_rail" },
				"south": { "uv": [ 5, 7, 7, 8 ], "texture": "#corner_rail" },
				"west": { "uv": [ 5, 7, 6, 8 ], "texture": "#corner_rail" },
				"east": { "uv": [ 6, 7, 7, 8 ], "texture": "#corner_rail" }
			}
		},
		{
			"__comment": "Cube2",
			"from": [ 7, 1, 5 ],
			"to": [ 8, 2, 7 ],
			"faces": {
				"down": { "uv": [ 7, 7, 8, 5 ], "texture": "#corner_rail" },
				"up": { "uv": [ 7, 5, 8, 7 ], "texture": "#corner_rail" },
				"north": { "uv": [ 7, 5, 8, 6 ], "texture": "#corner_rail" },
				"south": { "uv": [ 7, 6, 8, 7 ], "texture": "#corner_rail" },
				"west": { "uv": [ 7, 5, 8, 7 ], "texture": "#corner_rail", "rotation": 270 },
				"east": { "uv": [ 8, 5, 7, 7 ], "texture": "#corner_rail", "rotation": 90 }
			}
		},
		{
			"__comment": "Cube2",
			"from": [ 6, 1, 6 ],
			"to": [ 7, 2, 7 ],
			"faces": {
				"down": { "uv": [ 6, 6, 7, 7 ], "texture": "#corner_rail" },
				"up": { "uv": [ 6, 6, 7, 7 ], "texture": "#corner_rail" },
				"north": { "uv": [ 7, 6, 6, 7 ], "texture": "#corner_rail" },
				"south": { "uv": [ 6, 6, 7, 7 ], "texture": "#corner_rail" },
				"west": { "uv": [ 6, 6, 7, 7 ], "texture": "#corner_rail" },
				"east": { "uv": [ 6, 6, 7, 7 ], "texture": "#corner_rail" }
			}
		},
		{
			"__comment": "Cube2",
			"from": [ 13, 1, 13 ],
			"to": [ 14, 2, 14 ],
			"faces": {
				"down": { "uv": [ 13, 13, 14, 14 ], "texture": "#corner_rail" },
				"up": { "uv": [ 13, 13, 14, 14 ], "texture": "#corner_rail" },
				"north": { "uv": [ 14, 13, 13, 14 ], "texture": "#corner_rail" },
				"south": { "uv": [ 13, 13, 14, 14 ], "texture": "#corner_rail" },
				"west": { "uv": [ 13, 13, 14, 14 ], "texture": "#corner_rail" },
				"east": { "uv": [ 13, 13, 14, 14 ], "texture": "#corner_rail" }
			}
		},
		{
			"__comment": "Cube14",
			"from": [ 7, 0, 13 ],
			"to": [ 10, 1, 15 ],
			"faces": {
				"down": { "uv": [ 7, 15, 10, 13 ], "texture": "#corner_rail" },
				"up": { "uv": [ 7, 13, 10, 15 ], "texture": "#corner_rail" },
				"north": { "uv": [ 10, 13, 7, 14 ], "texture": "#corner_rail" },
				"south": { "uv": [ 7, 14, 10, 15 ], "texture": "#corner_rail" },
				"west": { "uv": [ 7, 13, 8, 15 ], "texture": "#corner_rail", "rotation": 270 },
				"east": { "uv": [ 9, 13, 10, 15 ], "texture": "#corner_rail", "rotation": 90 }
			}
		},
		{
			"__comment": "Cube14",
			"from": [ 4, 0, 12 ],
			"to": [ 7, 1, 14 ],
			"faces": {
				"down": { "uv": [ 4, 14, 7, 12 ], "texture": "#corner_rail" },
				"up": { "uv": [ 4, 12, 7, 14 ], "texture": "#corner_rail" },
				"north": { "uv": [ 7, 12, 4, 13 ], "texture": "#corner_rail" },
				"south": { "uv": [ 4, 13, 7, 14 ], "texture": "#corner_rail" },
				"west": { "uv": [ 4, 12, 5, 14 ], "texture": "#corner_rail", "rotation": 270 },
				"east": { "uv": [ 6, 12, 7, 14 ], "texture": "#corner_rail", "rotation": 90 }
			}
		},
		{
			"__comment": "Cube14",
			"from": [ 10, 0, 14 ],
			"to": [ 13, 1, 16 ],
			"faces": {
				"down": { "uv": [ 10, 16, 13, 14 ], "texture": "#wood" },
				"up": { "uv": [ 10, 14, 13, 16 ], "texture": "#wood" },
				"north": { "uv": [ 13, 14, 10, 15 ], "texture": "#wood" },
				"south": { "uv": [ 10, 15, 13, 16 ], "texture": "#wood" },
				"west": { "uv": [ 10, 14, 11, 16 ], "texture": "#wood", "rotation": 270 }
			}
		},
		{
			"__comment": "Cube14",
			"from": [ 14, 0, 10 ],
			"to": [ 16, 1, 13 ],
			"faces": {
				"down": { "uv": [ 10, 16, 13, 14 ], "texture": "#wood", "rotation": 270 },
				"up": { "uv": [ 10, 14, 13, 16 ], "texture": "#wood", "rotation": 90 },
				"north": { "uv": [ 10, 14, 11, 16 ], "texture": "#wood", "rotation": 270 },
				"west": { "uv": [ 10, 15, 13, 16 ], "texture": "#wood" },
				"east": { "uv": [ 13, 14, 10, 15 ], "texture": "#wood" }
			}
		},
		{
			"__comment": "Cube14",
			"from": [ 13, 0, 7 ],
			"to": [ 15, 1, 10 ],
			"faces": {
				"down": { "uv": [ 7, 15, 10, 13 ], "texture": "#corner_rail", "rotation": 270 },
				"up": { "uv": [ 7, 13, 10, 15 ], "texture": "#corner_rail", "rotation": 90 },
				"north": { "uv": [ 7, 13, 8, 15 ], "texture": "#corner_rail", "rotation": 270 },
				"south": { "uv": [ 9, 13, 10, 15 ], "texture": "#corner_rail", "rotation": 90 },
				"west": { "uv": [ 7, 14, 10, 15 ], "texture": "#corner_rail" },
				"east": { "uv": [ 10, 13, 7, 14 ], "texture": "#corner_rail" }
			}
		},
		{
			"__comment": "Cube14",
			"from": [ 12, 0, 4 ],
			"to": [ 14, 1, 7 ],
			"faces": {
				"down": { "uv": [ 4, 14, 7, 12 ], "texture": "#corner_rail", "rotation": 270 },
				"up": { "uv": [ 4, 12, 7, 14 ], "texture": "#corner_rail", "rotation": 90 },
				"north": { "uv": [ 4, 12, 5, 14 ], "texture": "#corner_rail", "rotation": 270 },
				"south": { "uv": [ 6, 12, 7, 14 ], "texture": "#corner_rail", "rotation": 90 },
				"west": { "uv": [ 4, 13, 7, 14 ], "texture": "#corner_rail" },
				"east": { "uv": [ 7, 12, 4, 13 ], "texture": "#corner_rail" }
			}
		},
		{
			"__comment": "Cube14",
			"from": [ 1, 0, 11 ],
			"to": [ 4, 1, 13 ],
			"faces": {
				"down": { "uv": [ 1, 13, 4, 11 ], "texture": "#wood" },
				"up": { "uv": [ 1, 11, 4, 13 ], "texture": "#wood" },
				"north": { "uv": [ 4, 11, 1, 12 ], "texture": "#wood" },
				"south": { "uv": [ 1, 12, 4, 13 ], "texture": "#wood" },
				"west": { "uv": [ 1, 11, 2, 13 ], "texture": "#wood", "rotation": 270 },
				"east": { "uv": [ 3, 11, 4, 13 ], "texture": "#wood", "rotation": 90 }
			}
		},
		{
			"__comment": "Cube14",
			"from": [ 11, 0, 1 ],
			"to": [ 13, 1, 4 ],
			"faces": {
				"down": { "uv": [ 1, 13, 4, 11 ], "texture": "#wood", "rotation": 270 },
				"up": { "uv": [ 1, 11, 4, 13 ], "texture": "#wood", "rotation": 90 },
				"north": { "uv": [ 1, 11, 2, 13 ], "texture": "#wood", "rotation": 270 },
				"south": { "uv": [ 3, 11, 4, 13 ], "texture": "#wood", "rotation": 90 },
				"west": { "uv": [ 1, 12, 4, 13 ], "texture": "#wood" },
				"east": { "uv": [ 4, 11, 1, 12 ], "texture": "#wood" }
			}
		},
		{
			"__comment": "Cube14",
			"from": [ 6, 0, 5 ],
			"to": [ 7, 1, 8 ],
			"faces": {
				"down": { "uv": [ 6, 8, 7, 5 ], "texture": "#wood" },
				"up": { "uv": [ 6, 5, 7, 8 ], "texture": "#wood" },
				"north": { "uv": [ 7, 5, 6, 6 ], "texture": "#wood" },
				"south": { "uv": [ 6, 7, 7, 8 ], "texture": "#wood" },
				"west": { "uv": [ 6, 5, 7, 8 ], "texture": "#wood", "rotation": 270 },
				"east": { "uv": [ 6, 5, 7, 8 ], "texture": "#wood", "rotation": 90 }
			}
		},
		{
			"__comment": "Cube14",
			"from": [ 7, 0, 6 ],
			"to": [ 8, 1, 9 ],
			"faces": {
				"down": { "uv": [ 10, 12, 11, 9 ], "texture": "#wood" },
				"up": { "uv": [ 10, 9, 11, 12 ], "texture": "#wood" },
				"north": { "uv": [ 11, 9, 10, 10 ], "texture": "#wood" },
				"south": { "uv": [ 10, 11, 11, 12 ], "texture": "#wood" },
				"west": { "uv": [ 10, 9, 11, 12 ], "texture": "#wood", "rotation": 270 },
				"east": { "uv": [ 10, 9, 11, 12 ], "texture": "#wood", "rotation": 90 }
			}
		},
		{
			"__comment": "Cube14",
			"from": [ 8, 0, 7 ],
			"to": [ 9, 1, 10 ],
			"faces": {
				"down": { "uv": [ 10, 12, 11, 9 ], "texture": "#wood" },
				"up": { "uv": [ 10, 9, 11, 12 ], "texture": "#wood" },
				"north": { "uv": [ 11, 9, 10, 10 ], "texture": "#wood" },
				"south": { "uv": [ 10, 11, 11, 12 ], "texture": "#wood" },
				"west": { "uv": [ 10, 9, 11, 12 ], "texture": "#wood", "rotation": 270 },
				"east": { "uv": [ 10, 9, 11, 12 ], "texture": "#wood", "rotation": 90 }
			}
		},
		{
			"__comment": "Cube14",
			"from": [ 9, 0, 8 ],
			"to": [ 10, 1, 11 ],
			"faces": {
				"down": { "uv": [ 10, 12, 11, 9 ], "texture": "#wood" },
				"up": { "uv": [ 10, 9, 11, 12 ], "texture": "#wood" },
				"north": { "uv": [ 11, 9, 10, 10 ], "texture": "#wood" },
				"south": { "uv": [ 10, 11, 11, 12 ], "texture": "#wood" },
				"west": { "uv": [ 10, 9, 11, 12 ], "texture": "#wood", "rotation": 270 },
				"east": { "uv": [ 10, 9, 11, 12 ], "texture": "#wood", "rotation": 90 }
			}
		},
		{
			"__comment": "Cube14",
			"from": [ 10, 0, 9 ],
			"to": [ 11, 1, 12 ],
			"faces": {
				"down": { "uv": [ 10, 12, 11, 9 ], "texture": "#wood" },
				"up": { "uv": [ 10, 9, 11, 12 ], "texture": "#wood" },
				"north": { "uv": [ 11, 9, 10, 10 ], "texture": "#wood" },
				"south": { "uv": [ 10, 11, 11, 12 ], "texture": "#wood" },
				"west": { "uv": [ 10, 9, 11, 12 ], "texture": "#wood", "rotation": 270 },
				"east": { "uv": [ 10, 9, 11, 12 ], "texture": "#wood", "rotation": 90 }
			}
		},
		{
			"__comment": "Cube14",
			"from": [ 11, 0, 10 ],
			"to": [ 12, 1, 13 ],
			"faces": {
				"down": { "uv": [ 13, 15, 14, 12 ], "texture": "#wood" },
				"up": { "uv": [ 13, 12, 14, 15 ], "texture": "#wood" },
				"north": { "uv": [ 14, 12, 13, 13 ], "texture": "#wood" },
				"south": { "uv": [ 13, 14, 14, 15 ], "texture": "#wood" },
				"west": { "uv": [ 13, 12, 14, 15 ], "texture": "#wood", "rotation": 270 },
				"east": { "uv": [ 13, 12, 14, 15 ], "texture": "#wood", "rotation": 90 }
			}
		},
		{
			"__comment": "Cube14",
			"from": [ 12, 0, 11 ],
			"to": [ 13, 1, 14 ],
			"faces": {
				"down": { "uv": [ 13, 15, 14, 12 ], "texture": "#wood" },
				"up": { "uv": [ 13, 12, 14, 15 ], "texture": "#wood" },
				"north": { "uv": [ 14, 12, 13, 13 ], "texture": "#wood" },
				"south": { "uv": [ 13, 14, 14, 15 ], "texture": "#wood" },
				"west": { "uv": [ 13, 12, 14, 15 ], "texture": "#wood", "rotation": 270 },
				"east": { "uv": [ 13, 12, 14, 15 ], "texture": "#wood", "rotation": 90 }
			}
		},
		{
			"__comment": "Cube14",
			"from": [ 13, 0, 12 ],
			"to": [ 14, 1, 15 ],
			"faces": {
				"down": { "uv": [ 13, 15, 14, 12 ], "texture": "#wood" },
				"up": { "uv": [ 13, 12, 14, 15 ], "texture": "#wood" },
				"north": { "uv": [ 14, 12, 13, 13 ], "texture": "#wood" },
				"south": { "uv": [ 13, 14, 14, 15 ], "texture": "#wood" },
				"west": { "uv": [ 13, 12, 14, 15 ], "texture": "#wood", "rotation": 270 },
				"east": { "uv": [ 13, 12, 14, 15 ], "texture": "#wood", "rotation": 90 }
			}
		},
		{
			"__comment": "Cube14",
			"from": [ 14, 0, 13 ],
			"to": [ 15, 1, 16 ],
			"faces": {
				"down": { "uv": [ 14, 16, 15, 13 ], "texture": "#wood" },
				"up": { "uv": [ 14, 13, 15, 16 ], "texture": "#wood" },
				"south": { "uv": [ 14, 15, 15, 16 ], "texture": "#wood" },
				"west": { "uv": [ 14, 13, 15, 16 ], "texture": "#wood", "rotation": 270 },
				"east": { "uv": [ 14, 13, 15, 16 ], "texture": "#wood", "rotation": 90 }
			}
		},
		{
			"__comment": "Cube14",
			"from": [ 13, 0, 15 ],
			"to": [ 14, 1, 16 ],
			"faces": {
				"down": { "uv": [ 13, 16, 14, 15 ], "texture": "#wood" },
				"up": { "uv": [ 13, 15, 14, 16 ], "texture": "#wood" },
				"south": { "uv": [ 13, 15, 14, 16 ], "texture": "#wood" }
			}
		},
		{
			"__comment": "Cube14",
			"from": [ 15, 0, 13 ],
			"to": [ 16, 1, 15 ],
			"faces": {
				"down": { "uv": [ 15, 15, 16, 13 ], "texture": "#wood" },
				"up": { "uv": [ 15, 13, 16, 15 ], "texture": "#wood" },
				"south": { "uv": [ 15, 14, 16, 15 ], "texture": "#wood" },
				"east": { "uv": [ 15, 13, 16, 15 ], "texture": "#wood", "rotation": 90 }
			}
		},
		{
			"__comment": "Cube14",
			"from": [ 5, 0, 5 ],
			"to": [ 6, 1, 7 ],
			"faces": {
				"down": { "uv": [ 6, 8, 7, 5 ], "texture": "#wood" },
				"up": { "uv": [ 5, 5, 6, 7 ], "texture": "#wood" },
				"north": { "uv": [ 6, 5, 5, 6 ], "texture": "#wood" },
				"south": { "uv": [ 5, 6, 6, 7 ], "texture": "#wood" },
				"west": { "uv": [ 5, 5, 6, 7 ], "texture": "#wood", "rotation": 270 },
				"east": { "uv": [ 5, 5, 6, 7 ], "texture": "#wood", "rotation": 90 }
			}
		}
	]
}