{
	"__comment": "Designed by Philosophical",
	"ambientocclusion": false,
	"textures": {
		"torch_stick": "block/redstone_torch_off_1",
		"particle": "block/redstone_torch_off_1"
	},
	"elements": [
		{
			"from": [ -2.9256, 3.0102, 7 ],
			"to": [ -0.9255993, 11.0102, 9 ],
			"rotation": { "origin": [ -0.0625, -1.625, 0 ], "axis": "z", "angle": -22.5 },
			"faces": {
				"down": { "uv": [ 8, 15, 9, 16 ], "texture": "#torch_stick" },
				"north": { "uv": [ 9, 8, 11, 16 ], "texture": "#torch_stick" },
				"south": { "uv": [ 5, 8, 7, 16 ], "texture": "#torch_stick" },
				"west": { "uv": [ 11, 8, 13, 16 ], "texture": "#torch_stick" },
				"east": { "uv": [ 7, 8, 9, 16 ], "texture": "#torch_stick" }
			}
		},
		{
			"from": [ 1.683, 10.712, 7 ],
			"to": [ 3.683, 12.712, 9 ],
			"rotation": { "origin": [ 3, 9.8125, 0.0625 ], "axis": "z", "angle": -22.5 },
			"faces": {
				"up": { "uv": [ 9, 4, 7, 6 ], "texture": "#torch_stick" },
				"north": { "uv": [ 9, 6, 11, 8 ], "texture": "#torch_stick" },
				"south": { "uv": [ 5, 6, 7, 8 ], "texture": "#torch_stick" },
				"west": { "uv": [ 11, 6, 13, 8 ], "texture": "#torch_stick" },
				"east": { "uv": [ 7, 6, 9, 8 ], "texture": "#torch_stick" }
			}
		}
	]
}