{
	"credit": "Made by N0do | GMnodo",
	"textures": {
		"0": "modeltextures/soul_torch",
		"1": "modeltextures/oak_planks",
		"particle": "modeltextures/soul_torch"
	},
	"elements": [
		{
			"from": [2.5, 2.5, 7],
			"to": [4.5, 10.5, 9],
			"rotation": {"angle": 0, "axis": "y", "origin": [3.5, 10.5, 8]},
			"faces": {
				"north": {"uv": [7, 8, 9, 16], "texture": "#0"},
				"east": {"uv": [7, 8, 9, 16], "texture": "#0"},
				"south": {"uv": [7, 8, 9, 16], "texture": "#0"},
				"west": {"uv": [7, 8, 9, 16], "texture": "#0"},
				"up": {"uv": [7, 6, 9, 8], "texture": "#missing"},
				"down": {"uv": [7, 14, 9, 16], "texture": "#0"}
			}
		},
		{
			"from": [2, 10.5, 7],
			"to": [2.5, 12.5, 9],
			"rotation": {"angle": 0, "axis": "y", "origin": [3.5, 3.5, 8]},
			"faces": {
				"north": {"uv": [7, 6, 7.5, 8], "texture": "#0"},
				"east": {"uv": [7, 6, 8, 7], "texture": "#0"},
				"south": {"uv": [8, 6, 8.5, 8], "texture": "#0"},
				"west": {"uv": [7, 6, 9, 8], "texture": "#0"},
				"up": {"uv": [7.5, 6, 8.5, 7], "rotation": 90, "texture": "#0"},
				"down": {"uv": [7, 7, 9, 8], "rotation": 270, "texture": "#0"}
			}
		},
		{
			"from": [4.5, 10.5, 7],
			"to": [5, 12.5, 9],
			"rotation": {"angle": 0, "axis": "y", "origin": [3.5, 3.5, 8]},
			"faces": {
				"north": {"uv": [8, 6, 8.5, 8], "texture": "#0"},
				"east": {"uv": [7, 6, 9, 8], "texture": "#0"},
				"south": {"uv": [7, 6, 7.5, 8], "texture": "#0"},
				"west": {"uv": [7, 6, 8, 7], "texture": "#0"},
				"up": {"uv": [7.5, 6, 8.5, 7], "rotation": 270, "texture": "#0"},
				"down": {"uv": [7, 7, 9, 8], "rotation": 90, "texture": "#0"}
			}
		},
		{
			"from": [2.5, 12.5, 7],
			"to": [4.5, 13, 9],
			"rotation": {"angle": 0, "axis": "y", "origin": [3.5, 3.5, 8]},
			"faces": {
				"north": {"uv": [7, 6, 9, 6.5], "texture": "#0"},
				"east": {"uv": [7, 6, 9, 6.5], "texture": "#0"},
				"south": {"uv": [7, 6, 9, 6.5], "texture": "#0"},
				"west": {"uv": [7, 6, 9, 6.5], "texture": "#0"},
				"up": {"uv": [7, 6, 9, 8], "texture": "#0"},
				"down": {"uv": [7, 6, 8, 7], "texture": "#0"}
			}
		},
		{
			"from": [2.5, 10.5, 6.5],
			"to": [4.5, 12.5, 7],
			"rotation": {"angle": 0, "axis": "y", "origin": [3.5, 3.5, 8]},
			"faces": {
				"north": {"uv": [7, 6, 9, 8], "texture": "#0"},
				"east": {"uv": [7, 6, 7.5, 8], "texture": "#0"},
				"south": {"uv": [7, 6, 8, 7], "texture": "#0"},
				"west": {"uv": [8, 6, 8.5, 8], "texture": "#0"},
				"up": {"uv": [7.5, 6, 8.5, 7], "rotation": 180, "texture": "#0"},
				"down": {"uv": [7, 7, 9, 8], "rotation": 180, "texture": "#0"}
			}
		},
		{
			"from": [2.5, 10.5, 9],
			"to": [4.5, 12.5, 9.5],
			"rotation": {"angle": 0, "axis": "y", "origin": [3.5, 3.5, 8]},
			"faces": {
				"north": {"uv": [7, 6, 8, 7], "texture": "#0"},
				"east": {"uv": [8, 6, 8.5, 8], "texture": "#0"},
				"south": {"uv": [7, 6, 9, 8], "texture": "#0"},
				"west": {"uv": [7, 6, 7.5, 8], "texture": "#0"},
				"up": {"uv": [7.5, 6, 8.5, 7], "texture": "#0"},
				"down": {"uv": [7, 7, 9, 8], "texture": "#0"}
			}
		},
		{
			"from": [1.5, 3.5, 6.5],
			"to": [2, 10.5, 7],
			"rotation": {"angle": -45, "axis": "z", "origin": [1.75, 7.5, 6.75]},
			"faces": {
				"north": {"uv": [1, 1, 1.5, 9], "texture": "#1"},
				"east": {"uv": [1, 1, 1.5, 9], "texture": "#1"},
				"south": {"uv": [1, 1, 1.5, 9], "texture": "#1"},
				"west": {"uv": [1, 1, 1.5, 9], "texture": "#1"},
				"up": {"uv": [0, 0, 0.5, 0.5], "rotation": 270, "texture": "#1"},
				"down": {"uv": [0, 0, 0.5, 0.5], "rotation": 270, "texture": "#1", "cullface": "west"}
			}
		},
		{
			"from": [1.5, 3.5, 9],
			"to": [2, 10.5, 9.5],
			"rotation": {"angle": -45, "axis": "z", "origin": [1.75, 7.5, 9.25]},
			"faces": {
				"north": {"uv": [1, 1, 1.5, 9], "texture": "#1"},
				"east": {"uv": [1, 1, 1.5, 9], "texture": "#1"},
				"south": {"uv": [1, 1, 1.5, 9], "texture": "#1"},
				"west": {"uv": [1, 1, 1.5, 9], "texture": "#1"},
				"up": {"uv": [0, 0, 0.5, 0.5], "rotation": 270, "texture": "#1"},
				"down": {"uv": [0, 0, 0.5, 0.5], "rotation": 270, "texture": "#1", "cullface": "west"}
			}
		}
	],
	"display": {
		"thirdperson_righthand": {
			"translation": [0, 3, 1],
			"scale": [0.55, 0.55, 0.55]
		},
		"thirdperson_lefthand": {
			"translation": [0, 3, 1],
			"scale": [0.55, 0.55, 0.55]
		},
		"firstperson_righthand": {
			"rotation": [0, -90, 25],
			"translation": [1.13, 3.2, 1.13],
			"scale": [0.68, 0.68, 0.68]
		},
		"firstperson_lefthand": {
			"rotation": [0, -90, 25],
			"translation": [1.13, 3.2, 1.13],
			"scale": [0.68, 0.68, 0.68]
		},
		"ground": {
			"translation": [0, 2, 0],
			"scale": [0.5, 0.5, 0.5]
		},
		"head": {
			"rotation": [0, 180, 0],
			"translation": [0, 13, 7]
		},
		"fixed": {
			"rotation": [0, 180, 0]
		}
	}
}