{
	"credit": "Made with Blockbench",
	"ambientocclusion": false,
	"textures": {
		"1": "block/ground_vines_m",
		"particle": "#stem"
	},
	"elements": [
		{
			"from": [0, -1, 8],
			"to": [16, 15, 8],
			"rotation": {"angle": 45, "axis": "y", "origin": [8, 8, 8], "rescale": true},
			"faces": {
				"north": {"uv": [0, 0, 16, 16], "texture": "#stem", "tintindex": 0},
				"south": {"uv": [16, 0, 0, 16], "texture": "#stem", "tintindex": 0}
			}
		},
		{
			"from": [8, -1, 0],
			"to": [8, 15, 16],
			"rotation": {"angle": 45, "axis": "y", "origin": [8, 8, 8], "rescale": true},
			"faces": {
				"east": {"uv": [16, 0, 0, 16], "texture": "#stem", "tintindex": 0},
				"west": {"uv": [0, 0, 16, 16], "texture": "#stem", "tintindex": 0}
			}
		},
		{
			"from": [0, -0.75, 0],
			"to": [16, -0.75, 16],
			"faces": {
				"north": {"uv": [0, 0, 16, 0], "texture": "#1"},
				"east": {"uv": [0, 0, 16, 0], "texture": "#1"},
				"south": {"uv": [0, 0, 16, 0], "texture": "#1"},
				"west": {"uv": [0, 0, 16, 0], "texture": "#1"},
				"up": {"uv": [0, 0, 16, 16], "texture": "#1"},
				"down": {"uv": [0, 0, 16, 16], "texture": "#1"}
			}
		}
	]
}