{
	"credit": "Made by N0do | GMnodo",
	"textures": {
		"0": "modeltextures/stone",
		"particle": "modeltextures/stone"
	},
	"elements": [
		{
			"from": [2, 0, 2],
			"to": [3, 0.5, 3],
			"rotation": {"angle": 0, "axis": "y", "origin": [10, 8, 10]},
			"faces": {
				"north": {"uv": [0, 2, 1, 3.5], "texture": "#0"},
				"east": {"uv": [0, 2, 1, 3.5], "texture": "#0"},
				"south": {"uv": [0, 2, 1, 3.5], "texture": "#0"},
				"west": {"uv": [0, 2, 1, 3.5], "texture": "#0"},
				"down": {"uv": [6, 4, 7, 5], "texture": "#0", "cullface": "down"}
			}
		},
		{
			"from": [13, 0, 2],
			"to": [14, 0.5, 3],
			"rotation": {"angle": 0, "axis": "y", "origin": [21, 8, 10]},
			"faces": {
				"north": {"uv": [0, 2, 1, 3.5], "texture": "#0"},
				"east": {"uv": [0, 2, 1, 3.5], "texture": "#0"},
				"south": {"uv": [0, 2, 1, 3.5], "texture": "#0"},
				"west": {"uv": [0, 2, 1, 3.5], "texture": "#0"},
				"down": {"uv": [6, 4, 7, 5], "texture": "#0", "cullface": "down"}
			}
		},
		{
			"from": [2, 0, 13],
			"to": [3, 0.5, 14],
			"rotation": {"angle": 0, "axis": "y", "origin": [10, 8, 21]},
			"faces": {
				"north": {"uv": [0, 2, 1, 3.5], "texture": "#0"},
				"east": {"uv": [0, 2, 1, 3.5], "texture": "#0"},
				"south": {"uv": [0, 2, 1, 3.5], "texture": "#0"},
				"west": {"uv": [0, 2, 1, 3.5], "texture": "#0"},
				"down": {"uv": [6, 4, 7, 5], "texture": "#0", "cullface": "down"}
			}
		},
		{
			"from": [13, 0, 13],
			"to": [14, 0.5, 14],
			"rotation": {"angle": 0, "axis": "y", "origin": [21, 8, 21]},
			"faces": {
				"north": {"uv": [0, 2, 1, 3.5], "texture": "#0"},
				"east": {"uv": [0, 2, 1, 3.5], "texture": "#0"},
				"south": {"uv": [0, 2, 1, 3.5], "texture": "#0"},
				"west": {"uv": [0, 2, 1, 3.5], "texture": "#0"},
				"down": {"uv": [6, 4, 7, 5], "texture": "#0", "cullface": "down"}
			}
		},
		{
			"from": [1, 0.5, 1],
			"to": [15, 1.5, 15],
			"rotation": {"angle": 0, "axis": "y", "origin": [10, 8.5, 10]},
			"faces": {
				"north": {"uv": [1, 5, 15, 6], "texture": "#0"},
				"east": {"uv": [1, 12, 15, 13], "texture": "#0"},
				"south": {"uv": [2, 9, 16, 10], "texture": "#0"},
				"west": {"uv": [2, 4, 16, 5], "texture": "#0"},
				"up": {"uv": [1, 1, 15, 15], "texture": "#0"},
				"down": {"uv": [1, 1, 15, 15], "texture": "#0"}
			}
		}
	],
	"display": {
		"thirdperson_righthand": {
			"rotation": [75, 45, 0],
			"translation": [0, 2.5, 2.25],
			"scale": [0.375, 0.375, 0.375]
		},
		"thirdperson_lefthand": {
			"rotation": [75, 45, 0],
			"translation": [0, 2.5, 2.25],
			"scale": [0.375, 0.375, 0.375]
		},
		"firstperson_righthand": {
			"rotation": [0, 45, 0],
			"translation": [0, 3.25, 0],
			"scale": [0.4, 0.4, 0.4]
		},
		"firstperson_lefthand": {
			"rotation": [0, 45, 0],
			"translation": [0, 3.25, 0],
			"scale": [0.4, 0.4, 0.4]
		},
		"ground": {
			"translation": [0, 3, 0],
			"scale": [0.25, 0.25, 0.25]
		},
		"gui": {
			"rotation": [30, 225, 0],
			"translation": [0, 1.25, 0],
			"scale": [0.625, 0.625, 0.625]
		},
		"head": {
			"rotation": [0, 180, 0],
			"translation": [0, 13, 0]
		},
		"fixed": {
			"scale": [0.5, 0.5, 0.5]
		}
	}
}