{
	"__comment": "Designed by Philosophical",
	"ambientocclusion": false,
	"textures": {
		"toptorch": "block/torch_top",
		"torch_stick": "block/torch_on",
		"particle": "block/torch_on"
	},
	"elements": [
		{
			"from": [ -2.6, 4, 7 ],
			"to": [ -0.6, 11, 9 ],
			"rotation": { "origin": [ 0, 0, 0 ], "axis": "z", "angle": -22.5 },
			"faces": {
				"down": { "uv": [ 7, 14, 9, 16 ], "texture": "#torch_stick" },
				"north": { "uv": [ 7, 9, 9, 16 ], "texture": "#torch_stick" },
				"south": { "uv": [ 7, 9, 9, 16 ], "texture": "#torch_stick" },
				"west": { "uv": [ 9, 9, 7, 16 ], "texture": "#torch_stick" },
				"east": { "uv": [ 9, 9, 7, 16 ], "texture": "#torch_stick" }
			}
		},
		{
			"from": [ -2.85, 10.5, 6.75 ],
			"to": [ -0.3499999, 13.5, 9.25 ],
			"rotation": { "origin": [ 0, 0, 0 ], "axis": "z", "angle": -22.5 },
			"shade": false,
			"faces": {
				"down": { "uv": [ 6, 11, 11, 16 ], "texture": "#toptorch" },
				"up": { "uv": [ 6, 0, 11, 5 ], "texture": "#toptorch", "rotation": 90 },
				"north": { "uv": [ 11, 5, 6, 12 ], "texture": "#toptorch" },
				"south": { "uv": [ 11, 5, 6, 12 ], "texture": "#toptorch" },
				"west": { "uv": [ 6, 5, 11, 12 ], "texture": "#toptorch" },
				"east": { "uv": [ 6, 5, 11, 12 ], "texture": "#toptorch" }
			}
		},
		{
			"from": [ -2.7, 9.2, 6.9 ],
			"to": [ -0.4999998, 9.75, 9.1 ],
			"rotation": { "origin": [ 0, 0, 0 ], "axis": "z", "angle": -22.5 },
			"faces": {
				"down": { "uv": [ 9, 6, 10, 7 ], "texture": "#torch_stick" },
				"up": { "uv": [ 9, 6, 10, 7 ], "texture": "#torch_stick" },
				"north": { "uv": [ 10, 6, 6, 7 ], "texture": "#torch_stick" },
				"south": { "uv": [ 10, 6, 6, 7 ], "texture": "#torch_stick" },
				"west": { "uv": [ 10, 8, 6, 9 ], "texture": "#torch_stick" },
				"east": { "uv": [ 10, 8, 6, 9 ], "texture": "#torch_stick" }
			}
		},
		{
			"from": [ -2.7, 8.4, 6.9 ],
			"to": [ -0.4999998, 8.9, 9.1 ],
			"rotation": { "origin": [ 0, 0, 0 ], "axis": "z", "angle": -22.5 },
			"faces": {
				"down": { "uv": [ 9, 6, 10, 7 ], "texture": "#torch_stick" },
				"up": { "uv": [ 9, 6, 10, 7 ], "texture": "#torch_stick" },
				"north": { "uv": [ 6, 6, 10, 7 ], "texture": "#torch_stick" },
				"south": { "uv": [ 6, 6, 10, 7 ], "texture": "#torch_stick" },
				"west": { "uv": [ 6, 8, 10, 9 ], "texture": "#torch_stick" },
				"east": { "uv": [ 6, 8, 10, 9 ], "texture": "#torch_stick" }
			}
		}
	]
}