{
	"credit": "Made by N0do | GMnodo",
	"textures": {
		"0": "modeltextures/ore/emerald_ore_legacy",
		"particle": "modeltextures/ore/emerald_ore_legacy"
	},
	"elements": [
		{
			"from": [0, 0, 0],
			"to": [16, 16, 16],
			"faces": {
				"north": {"uv": [0, 0, 16, 16], "texture": "#0", "cullface": "north"},
				"east": {"uv": [0, 0, 16, 16], "texture": "#0", "cullface": "east"},
				"south": {"uv": [0, 0, 16, 16], "texture": "#0", "cullface": "south"},
				"west": {"uv": [0, 0, 16, 16], "texture": "#0", "cullface": "west"},
				"up": {"uv": [0, 0, 16, 16], "texture": "#0", "cullface": "up"},
				"down": {"uv": [0, 0, 16, 16], "texture": "#0", "cullface": "down"}
			}
		},
		{
			"from": [7, 3, -0.75],
			"to": [9, 5, 0],
			"rotation": {"angle": 0, "axis": "x", "origin": [8.00278, 7.88889, 8]},
			"faces": {
				"north": {"uv": [7, 11, 9, 13], "texture": "#0", "cullface": "north"},
				"east": {"uv": [7, 11, 7.75, 13], "texture": "#0", "cullface": "north"},
				"west": {"uv": [8, 11, 8.75, 13], "texture": "#0", "cullface": "north"},
				"up": {"uv": [7, 11, 9, 11.75], "rotation": 180, "texture": "#0", "cullface": "north"},
				"down": {"uv": [7, 12, 9, 12.75], "rotation": 180, "texture": "#0", "cullface": "north"}
			}
		},
		{
			"from": [1, 4, -0.75],
			"to": [3, 6, 0],
			"rotation": {"angle": 0, "axis": "x", "origin": [8.00278, 7.88889, 8]},
			"faces": {
				"north": {"uv": [13, 10, 15, 12], "texture": "#0", "cullface": "north"},
				"east": {"uv": [13, 10, 13.75, 12], "texture": "#0", "cullface": "north"},
				"west": {"uv": [14, 10, 14.75, 12], "texture": "#0", "cullface": "north"},
				"up": {"uv": [13, 10, 15, 10.75], "rotation": 180, "texture": "#0", "cullface": "north"},
				"down": {"uv": [13, 11, 15, 11.75], "rotation": 180, "texture": "#0", "cullface": "north"}
			}
		},
		{
			"from": [4, 5, -0.75],
			"to": [6, 7, 0],
			"rotation": {"angle": 0, "axis": "x", "origin": [8.00278, 7.88889, 8]},
			"faces": {
				"north": {"uv": [10, 9, 12, 11], "texture": "#0", "cullface": "north"},
				"east": {"uv": [10, 9, 10.75, 11], "texture": "#0", "cullface": "north"},
				"west": {"uv": [11, 9, 11.75, 11], "texture": "#0", "cullface": "north"},
				"up": {"uv": [10, 9, 12, 9.75], "rotation": 180, "texture": "#0", "cullface": "north"},
				"down": {"uv": [10, 10, 12, 10.75], "rotation": 180, "texture": "#0", "cullface": "north"}
			}
		},
		{
			"from": [8, 6, -0.75],
			"to": [10, 8, 0],
			"rotation": {"angle": 0, "axis": "x", "origin": [8.00278, 7.88889, 8]},
			"faces": {
				"north": {"uv": [6, 8, 8, 10], "texture": "#0", "cullface": "north"},
				"east": {"uv": [6, 8, 6.75, 10], "texture": "#0", "cullface": "north"},
				"west": {"uv": [7, 8, 7.75, 10], "texture": "#0", "cullface": "north"},
				"up": {"uv": [6, 8, 8, 8.75], "rotation": 180, "texture": "#0", "cullface": "north"},
				"down": {"uv": [6, 9, 8, 9.75], "rotation": 180, "texture": "#0", "cullface": "north"}
			}
		},
		{
			"from": [2, 11, -0.75],
			"to": [4, 13, 0],
			"rotation": {"angle": 0, "axis": "x", "origin": [8.00278, 7.88889, 8]},
			"faces": {
				"north": {"uv": [12, 3, 14, 5], "texture": "#0", "cullface": "north"},
				"east": {"uv": [12, 3, 12.75, 5], "texture": "#0", "cullface": "north"},
				"west": {"uv": [13, 3, 13.75, 5], "texture": "#0", "cullface": "north"},
				"up": {"uv": [12, 3, 14, 3.75], "rotation": 180, "texture": "#0", "cullface": "north"},
				"down": {"uv": [12, 4, 14, 4.75], "rotation": 180, "texture": "#0", "cullface": "north"}
			}
		},
		{
			"from": [13, 1, -0.75],
			"to": [15, 3, 0],
			"rotation": {"angle": 0, "axis": "x", "origin": [8.00278, 7.88889, 8]},
			"faces": {
				"north": {"uv": [1, 13, 3, 15], "texture": "#0", "cullface": "north"},
				"east": {"uv": [1, 13, 1.75, 15], "texture": "#0", "cullface": "north"},
				"west": {"uv": [2, 13, 2.75, 15], "texture": "#0", "cullface": "north"},
				"up": {"uv": [1, 13, 3, 13.75], "rotation": 180, "texture": "#0", "cullface": "north"},
				"down": {"uv": [1, 14, 3, 14.75], "rotation": 180, "texture": "#0", "cullface": "north"}
			}
		},
		{
			"from": [10, 10, -0.75],
			"to": [12, 12, 0],
			"rotation": {"angle": 0, "axis": "x", "origin": [8.00278, 7.88889, 8]},
			"faces": {
				"north": {"uv": [4, 4, 6, 6], "texture": "#0", "cullface": "north"},
				"east": {"uv": [4, 4, 4.75, 6], "texture": "#0", "cullface": "north"},
				"west": {"uv": [5, 4, 5.75, 6], "texture": "#0", "cullface": "north"},
				"up": {"uv": [4, 4, 6, 4.75], "rotation": 180, "texture": "#0", "cullface": "north"},
				"down": {"uv": [4, 5, 6, 5.75], "rotation": 180, "texture": "#0", "cullface": "north"}
			}
		},
		{
			"from": [8, 13, -0.75],
			"to": [10, 15, 0],
			"rotation": {"angle": 0, "axis": "x", "origin": [8.00278, 7.88889, 8]},
			"faces": {
				"north": {"uv": [6, 1, 8, 3], "texture": "#0", "cullface": "north"},
				"east": {"uv": [6, 1, 6.75, 3], "texture": "#0", "cullface": "north"},
				"west": {"uv": [7, 1, 7.75, 3], "texture": "#0", "cullface": "north"},
				"up": {"uv": [6, 1, 8, 1.75], "rotation": 180, "texture": "#0", "cullface": "north"},
				"down": {"uv": [6, 2, 8, 2.75], "rotation": 180, "texture": "#0", "cullface": "north"}
			}
		},
		{
			"from": [8, 9, -0.75],
			"to": [10, 11, 0],
			"rotation": {"angle": 0, "axis": "x", "origin": [8.00278, 7.88889, 8]},
			"faces": {
				"north": {"uv": [6, 5, 8, 7], "texture": "#0", "cullface": "north"},
				"east": {"uv": [6, 5, 6.75, 7], "texture": "#0", "cullface": "north"},
				"west": {"uv": [7, 5, 7.75, 7], "texture": "#0", "cullface": "north"},
				"up": {"uv": [6, 5, 8, 5.75], "rotation": 180, "texture": "#0", "cullface": "north"},
				"down": {"uv": [6, 6, 8, 6.75], "rotation": 180, "texture": "#0", "cullface": "north"}
			}
		},
		{
			"from": [6.00556, 13, 16],
			"to": [8.00556, 15, 16.75],
			"rotation": {"angle": 0, "axis": "x", "origin": [8.00278, 7.88889, 8]},
			"faces": {
				"east": {"uv": [7, 1, 7.75, 3], "texture": "#0", "cullface": "south"},
				"south": {"uv": [6, 1, 8, 3], "texture": "#0", "cullface": "south"},
				"west": {"uv": [6, 1, 6.75, 3], "texture": "#0", "cullface": "south"},
				"up": {"uv": [6, 1, 8, 1.75], "texture": "#0", "cullface": "south"},
				"down": {"uv": [6, 2, 8, 2.75], "texture": "#0", "cullface": "south"}
			}
		},
		{
			"from": [6.00556, 9, 16],
			"to": [8.00556, 11, 16.75],
			"rotation": {"angle": 0, "axis": "x", "origin": [8.00278, 7.88889, 8]},
			"faces": {
				"east": {"uv": [7, 5, 7.75, 7], "texture": "#0", "cullface": "south"},
				"south": {"uv": [6, 5, 8, 7], "texture": "#0", "cullface": "south"},
				"west": {"uv": [6, 5, 6.75, 7], "texture": "#0", "cullface": "south"},
				"up": {"uv": [6, 5, 8, 5.75], "texture": "#0", "cullface": "south"},
				"down": {"uv": [6, 6, 8, 6.75], "texture": "#0", "cullface": "south"}
			}
		},
		{
			"from": [4.00556, 10, 16],
			"to": [6.00556, 12, 16.75],
			"rotation": {"angle": 0, "axis": "x", "origin": [8.00278, 7.88889, 8]},
			"faces": {
				"east": {"uv": [5, 4, 5.75, 6], "texture": "#0", "cullface": "south"},
				"south": {"uv": [4, 4, 6, 6], "texture": "#0", "cullface": "south"},
				"west": {"uv": [4, 4, 4.75, 6], "texture": "#0", "cullface": "south"},
				"up": {"uv": [4, 4, 6, 4.75], "texture": "#0", "cullface": "south"},
				"down": {"uv": [4, 5, 6, 5.75], "texture": "#0", "cullface": "south"}
			}
		},
		{
			"from": [6.00556, 6, 16],
			"to": [8.00556, 8, 16.75],
			"rotation": {"angle": 0, "axis": "x", "origin": [8.00278, 7.88889, 8]},
			"faces": {
				"east": {"uv": [7, 8, 7.75, 10], "texture": "#0", "cullface": "south"},
				"south": {"uv": [6, 8, 8, 10], "texture": "#0", "cullface": "south"},
				"west": {"uv": [6, 8, 6.75, 10], "texture": "#0", "cullface": "south"},
				"up": {"uv": [6, 8, 8, 8.75], "texture": "#0", "cullface": "south"},
				"down": {"uv": [6, 9, 8, 9.75], "texture": "#0", "cullface": "south"}
			}
		},
		{
			"from": [7.00556, 3, 16],
			"to": [9.00556, 5, 16.75],
			"rotation": {"angle": 0, "axis": "x", "origin": [8.00278, 7.88889, 8]},
			"faces": {
				"east": {"uv": [8, 11, 8.75, 13], "texture": "#0", "cullface": "south"},
				"south": {"uv": [7, 11, 9, 13], "texture": "#0", "cullface": "south"},
				"west": {"uv": [7, 11, 7.75, 13], "texture": "#0", "cullface": "south"},
				"up": {"uv": [7, 11, 9, 11.75], "texture": "#0", "cullface": "south"},
				"down": {"uv": [7, 12, 9, 12.75], "texture": "#0", "cullface": "south"}
			}
		},
		{
			"from": [10.00556, 5, 16],
			"to": [12.00556, 7, 16.75],
			"rotation": {"angle": 0, "axis": "x", "origin": [8.00278, 7.88889, 8]},
			"faces": {
				"east": {"uv": [11, 9, 11.75, 11], "texture": "#0", "cullface": "south"},
				"south": {"uv": [10, 9, 12, 11], "texture": "#0", "cullface": "south"},
				"west": {"uv": [10, 9, 10.75, 11], "texture": "#0", "cullface": "south"},
				"up": {"uv": [10, 9, 12, 9.75], "texture": "#0", "cullface": "south"},
				"down": {"uv": [10, 10, 12, 10.75], "texture": "#0", "cullface": "south"}
			}
		},
		{
			"from": [13.00556, 4, 16],
			"to": [15.00556, 6, 16.75],
			"rotation": {"angle": 0, "axis": "x", "origin": [8.00278, 7.88889, 8]},
			"faces": {
				"east": {"uv": [14, 10, 14.75, 12], "texture": "#0", "cullface": "south"},
				"south": {"uv": [13, 10, 15, 12], "texture": "#0", "cullface": "south"},
				"west": {"uv": [13, 10, 13.75, 12], "texture": "#0", "cullface": "south"},
				"up": {"uv": [13, 10, 15, 10.75], "texture": "#0", "cullface": "south"},
				"down": {"uv": [13, 11, 15, 11.75], "texture": "#0", "cullface": "south"}
			}
		},
		{
			"from": [12.00556, 11, 16],
			"to": [14.00556, 13, 16.75],
			"rotation": {"angle": 0, "axis": "x", "origin": [8.00278, 7.88889, 8]},
			"faces": {
				"east": {"uv": [13, 3, 13.75, 5], "texture": "#0", "cullface": "south"},
				"south": {"uv": [12, 3, 14, 5], "texture": "#0", "cullface": "south"},
				"west": {"uv": [12, 3, 12.75, 5], "texture": "#0", "cullface": "south"},
				"up": {"uv": [12, 3, 14, 3.75], "texture": "#0", "cullface": "south"},
				"down": {"uv": [12, 4, 14, 4.75], "texture": "#0", "cullface": "south"}
			}
		},
		{
			"from": [1.00556, 1, 16],
			"to": [3.00556, 3, 16.75],
			"rotation": {"angle": 0, "axis": "x", "origin": [8.00278, 7.88889, 8]},
			"faces": {
				"east": {"uv": [2, 13, 2.75, 15], "texture": "#0", "cullface": "south"},
				"south": {"uv": [1, 13, 3, 15], "texture": "#0", "cullface": "south"},
				"west": {"uv": [1, 13, 1.75, 15], "texture": "#0", "cullface": "south"},
				"up": {"uv": [1, 13, 3, 13.75], "texture": "#0", "cullface": "south"},
				"down": {"uv": [1, 14, 3, 14.75], "texture": "#0", "cullface": "south"}
			}
		},
		{
			"from": [7.00556, -0.71111, 3.01111],
			"to": [9.00556, 0.03889, 5.01111],
			"rotation": {"angle": 0, "axis": "y", "origin": [8.00278, 7.88889, 8]},
			"faces": {
				"north": {"uv": [7, 12, 9, 12.75], "rotation": 180, "texture": "#0", "cullface": "down"},
				"east": {"uv": [8, 11, 8.75, 13], "rotation": 270, "texture": "#0", "cullface": "down"},
				"south": {"uv": [7, 11, 9, 11.75], "texture": "#0", "cullface": "down"},
				"west": {"uv": [7, 11, 7.75, 13], "rotation": 90, "texture": "#0", "cullface": "down"},
				"down": {"uv": [7, 11, 9, 13], "texture": "#0", "cullface": "down"}
			}
		},
		{
			"from": [13.00556, -0.71111, 4.01111],
			"to": [15.00556, 0.03889, 6.01111],
			"rotation": {"angle": 0, "axis": "y", "origin": [8.00278, 7.88889, 8]},
			"faces": {
				"north": {"uv": [13, 11, 15, 11.75], "rotation": 180, "texture": "#0", "cullface": "down"},
				"east": {"uv": [14, 10, 14.75, 12], "rotation": 270, "texture": "#0", "cullface": "down"},
				"south": {"uv": [13, 10, 15, 10.75], "texture": "#0", "cullface": "down"},
				"west": {"uv": [13, 10, 13.75, 12], "rotation": 90, "texture": "#0", "cullface": "down"},
				"down": {"uv": [13, 10, 15, 12], "texture": "#0", "cullface": "down"}
			}
		},
		{
			"from": [10.00556, -0.71111, 5.01111],
			"to": [12.00556, 0.03889, 7.01111],
			"rotation": {"angle": 0, "axis": "y", "origin": [8.00278, 7.88889, 8]},
			"faces": {
				"north": {"uv": [10, 10, 12, 10.75], "rotation": 180, "texture": "#0", "cullface": "down"},
				"east": {"uv": [11, 9, 11.75, 11], "rotation": 270, "texture": "#0", "cullface": "down"},
				"south": {"uv": [10, 9, 12, 9.75], "texture": "#0", "cullface": "down"},
				"west": {"uv": [10, 9, 10.75, 11], "rotation": 90, "texture": "#0", "cullface": "down"},
				"down": {"uv": [10, 9, 12, 11], "texture": "#0", "cullface": "down"}
			}
		},
		{
			"from": [6.00556, -0.71111, 6.01111],
			"to": [8.00556, 0.03889, 8.01111],
			"rotation": {"angle": 0, "axis": "y", "origin": [8.00278, 7.88889, 8]},
			"faces": {
				"north": {"uv": [6, 9, 8, 9.75], "rotation": 180, "texture": "#0", "cullface": "down"},
				"east": {"uv": [7, 8, 7.75, 10], "rotation": 270, "texture": "#0", "cullface": "down"},
				"south": {"uv": [6, 8, 8, 8.75], "texture": "#0", "cullface": "down"},
				"west": {"uv": [6, 8, 6.75, 10], "rotation": 90, "texture": "#0", "cullface": "down"},
				"down": {"uv": [6, 8, 8, 10], "texture": "#0", "cullface": "down"}
			}
		},
		{
			"from": [12.00556, -0.71111, 11.01111],
			"to": [14.00556, 0.03889, 13.01111],
			"rotation": {"angle": 0, "axis": "y", "origin": [8.00278, 7.88889, 8]},
			"faces": {
				"north": {"uv": [12, 4, 14, 4.75], "rotation": 180, "texture": "#0", "cullface": "down"},
				"east": {"uv": [13, 3, 13.75, 5], "rotation": 270, "texture": "#0", "cullface": "down"},
				"south": {"uv": [12, 3, 14, 3.75], "texture": "#0", "cullface": "down"},
				"west": {"uv": [12, 3, 12.75, 5], "rotation": 90, "texture": "#0", "cullface": "down"},
				"down": {"uv": [12, 3, 14, 5], "texture": "#0", "cullface": "down"}
			}
		},
		{
			"from": [1.00556, -0.71111, 1.01111],
			"to": [3.00556, 0.03889, 3.01111],
			"rotation": {"angle": 0, "axis": "y", "origin": [8.00278, 7.88889, 8]},
			"faces": {
				"north": {"uv": [1, 14, 3, 14.75], "rotation": 180, "texture": "#0", "cullface": "down"},
				"east": {"uv": [2, 13, 2.75, 15], "rotation": 270, "texture": "#0", "cullface": "down"},
				"south": {"uv": [1, 13, 3, 13.75], "texture": "#0", "cullface": "down"},
				"west": {"uv": [1, 13, 1.75, 15], "rotation": 90, "texture": "#0", "cullface": "down"},
				"down": {"uv": [1, 13, 3, 15], "texture": "#0", "cullface": "down"}
			}
		},
		{
			"from": [4.00556, -0.71111, 10.01111],
			"to": [6.00556, 0.03889, 12.01111],
			"rotation": {"angle": 0, "axis": "y", "origin": [8.00278, 7.88889, 8]},
			"faces": {
				"north": {"uv": [4, 5, 6, 5.75], "rotation": 180, "texture": "#0", "cullface": "down"},
				"east": {"uv": [5, 4, 5.75, 6], "rotation": 270, "texture": "#0", "cullface": "down"},
				"south": {"uv": [4, 4, 6, 4.75], "texture": "#0", "cullface": "down"},
				"west": {"uv": [4, 4, 4.75, 6], "rotation": 90, "texture": "#0", "cullface": "down"},
				"down": {"uv": [4, 4, 6, 6], "texture": "#0", "cullface": "down"}
			}
		},
		{
			"from": [6.00556, -0.71111, 9.01111],
			"to": [8.00556, 0.03889, 11.01111],
			"rotation": {"angle": 0, "axis": "y", "origin": [8.00278, 7.88889, 8]},
			"faces": {
				"north": {"uv": [6, 6, 8, 6.75], "rotation": 180, "texture": "#0", "cullface": "down"},
				"east": {"uv": [7, 5, 7.75, 7], "rotation": 270, "texture": "#0", "cullface": "down"},
				"south": {"uv": [6, 5, 8, 5.75], "texture": "#0", "cullface": "down"},
				"west": {"uv": [6, 5, 6.75, 7], "rotation": 90, "texture": "#0", "cullface": "down"},
				"down": {"uv": [6, 5, 8, 7], "texture": "#0", "cullface": "down"}
			}
		},
		{
			"from": [6.00556, -0.71111, 13.01111],
			"to": [8.00556, 0.03889, 15.01111],
			"rotation": {"angle": 0, "axis": "y", "origin": [8.00278, 7.88889, 8]},
			"faces": {
				"north": {"uv": [6, 2, 8, 2.75], "rotation": 180, "texture": "#0", "cullface": "down"},
				"east": {"uv": [7, 1, 7.75, 3], "rotation": 270, "texture": "#0", "cullface": "down"},
				"south": {"uv": [6, 1, 8, 1.75], "texture": "#0", "cullface": "down"},
				"west": {"uv": [6, 1, 6.75, 3], "rotation": 90, "texture": "#0", "cullface": "down"},
				"down": {"uv": [6, 1, 8, 3], "texture": "#0", "cullface": "down"}
			}
		},
		{
			"from": [1.00556, 15.88889, 12.98889],
			"to": [3.00556, 16.63889, 14.98889],
			"rotation": {"angle": 0, "axis": "x", "origin": [8.00278, 7.88889, 8]},
			"faces": {
				"north": {"uv": [1, 13, 3, 13.75], "rotation": 180, "texture": "#0", "cullface": "up"},
				"east": {"uv": [2, 13, 2.75, 15], "rotation": 90, "texture": "#0", "cullface": "up"},
				"south": {"uv": [1, 14, 3, 14.75], "texture": "#0", "cullface": "up"},
				"west": {"uv": [1, 13, 1.75, 15], "rotation": 270, "texture": "#0", "cullface": "up"},
				"up": {"uv": [1, 13, 3, 15], "texture": "#0", "cullface": "up"}
			}
		},
		{
			"from": [12.00556, 15.88889, 2.98889],
			"to": [14.00556, 16.63889, 4.98889],
			"rotation": {"angle": 0, "axis": "x", "origin": [8.00278, 7.88889, 8]},
			"faces": {
				"north": {"uv": [12, 3, 14, 3.75], "rotation": 180, "texture": "#0", "cullface": "up"},
				"east": {"uv": [13, 3, 13.75, 5], "rotation": 90, "texture": "#0", "cullface": "up"},
				"south": {"uv": [12, 4, 14, 4.75], "texture": "#0", "cullface": "up"},
				"west": {"uv": [12, 3, 12.75, 5], "rotation": 270, "texture": "#0", "cullface": "up"},
				"up": {"uv": [12, 3, 14, 5], "texture": "#0", "cullface": "up"}
			}
		},
		{
			"from": [13.00556, 15.88889, 9.98889],
			"to": [15.00556, 16.63889, 11.98889],
			"rotation": {"angle": 0, "axis": "x", "origin": [8.00278, 7.88889, 8]},
			"faces": {
				"north": {"uv": [13, 10, 15, 10.75], "rotation": 180, "texture": "#0", "cullface": "up"},
				"east": {"uv": [14, 10, 14.75, 12], "rotation": 90, "texture": "#0", "cullface": "up"},
				"south": {"uv": [13, 11, 15, 11.75], "texture": "#0", "cullface": "up"},
				"west": {"uv": [13, 10, 13.75, 12], "rotation": 270, "texture": "#0", "cullface": "up"},
				"up": {"uv": [13, 10, 15, 12], "texture": "#0", "cullface": "up"}
			}
		},
		{
			"from": [10.00556, 15.88889, 8.98889],
			"to": [12.00556, 16.63889, 10.98889],
			"rotation": {"angle": 0, "axis": "x", "origin": [8.00278, 7.88889, 8]},
			"faces": {
				"north": {"uv": [10, 9, 12, 9.75], "rotation": 180, "texture": "#0", "cullface": "up"},
				"east": {"uv": [11, 9, 11.75, 11], "rotation": 90, "texture": "#0", "cullface": "up"},
				"south": {"uv": [10, 10, 12, 10.75], "texture": "#0", "cullface": "up"},
				"west": {"uv": [10, 9, 10.75, 11], "rotation": 270, "texture": "#0", "cullface": "up"},
				"up": {"uv": [10, 9, 12, 11], "texture": "#0", "cullface": "up"}
			}
		},
		{
			"from": [7.00556, 15.88889, 10.98889],
			"to": [9.00556, 16.63889, 12.98889],
			"rotation": {"angle": 0, "axis": "x", "origin": [8.00278, 7.88889, 8]},
			"faces": {
				"north": {"uv": [7, 11, 9, 11.75], "rotation": 180, "texture": "#0", "cullface": "up"},
				"east": {"uv": [8, 11, 8.75, 13], "rotation": 90, "texture": "#0", "cullface": "up"},
				"south": {"uv": [7, 12, 9, 12.75], "texture": "#0", "cullface": "up"},
				"west": {"uv": [7, 11, 7.75, 13], "rotation": 270, "texture": "#0", "cullface": "up"},
				"up": {"uv": [7, 11, 9, 13], "texture": "#0", "cullface": "up"}
			}
		},
		{
			"from": [6.00556, 15.88889, 7.98889],
			"to": [8.00556, 16.63889, 9.98889],
			"rotation": {"angle": 0, "axis": "x", "origin": [8.00278, 7.88889, 8]},
			"faces": {
				"north": {"uv": [6, 8, 8, 8.75], "rotation": 180, "texture": "#0", "cullface": "up"},
				"east": {"uv": [7, 8, 7.75, 10], "rotation": 90, "texture": "#0", "cullface": "up"},
				"south": {"uv": [6, 9, 8, 9.75], "texture": "#0", "cullface": "up"},
				"west": {"uv": [6, 8, 6.75, 10], "rotation": 270, "texture": "#0", "cullface": "up"},
				"up": {"uv": [6, 8, 8, 10], "texture": "#0", "cullface": "up"}
			}
		},
		{
			"from": [4.00556, 15.88889, 3.98889],
			"to": [6.00556, 16.63889, 5.98889],
			"rotation": {"angle": 0, "axis": "x", "origin": [8.00278, 7.88889, 8]},
			"faces": {
				"north": {"uv": [4, 4, 6, 4.75], "rotation": 180, "texture": "#0", "cullface": "up"},
				"east": {"uv": [5, 4, 5.75, 6], "rotation": 90, "texture": "#0", "cullface": "up"},
				"south": {"uv": [4, 5, 6, 5.75], "texture": "#0", "cullface": "up"},
				"west": {"uv": [4, 4, 4.75, 6], "rotation": 270, "texture": "#0", "cullface": "up"},
				"up": {"uv": [4, 4, 6, 6], "texture": "#0", "cullface": "up"}
			}
		},
		{
			"from": [6.00556, 15.88889, 4.98889],
			"to": [8.00556, 16.63889, 6.98889],
			"rotation": {"angle": 0, "axis": "x", "origin": [8.00278, 7.88889, 8]},
			"faces": {
				"north": {"uv": [6, 5, 8, 5.75], "rotation": 180, "texture": "#0", "cullface": "up"},
				"east": {"uv": [7, 5, 7.75, 7], "rotation": 90, "texture": "#0", "cullface": "up"},
				"south": {"uv": [6, 6, 8, 6.75], "texture": "#0", "cullface": "up"},
				"west": {"uv": [6, 5, 6.75, 7], "rotation": 270, "texture": "#0", "cullface": "up"},
				"up": {"uv": [6, 5, 8, 7], "texture": "#0", "cullface": "up"}
			}
		},
		{
			"from": [6.00556, 15.88889, 0.98889],
			"to": [8.00556, 16.63889, 2.98889],
			"rotation": {"angle": 0, "axis": "x", "origin": [8.00278, 7.88889, 8]},
			"faces": {
				"north": {"uv": [6, 1, 8, 1.75], "rotation": 180, "texture": "#0", "cullface": "up"},
				"east": {"uv": [7, 1, 7.75, 3], "rotation": 90, "texture": "#0", "cullface": "up"},
				"south": {"uv": [6, 2, 8, 2.75], "texture": "#0", "cullface": "up"},
				"west": {"uv": [6, 1, 6.75, 3], "rotation": 270, "texture": "#0", "cullface": "up"},
				"up": {"uv": [6, 1, 8, 3], "texture": "#0", "cullface": "up"}
			}
		},
		{
			"from": [16.00278, 13, 7.99722],
			"to": [16.75278, 15, 9.99722],
			"rotation": {"angle": 0, "axis": "y", "origin": [8.00278, 7.88889, 8]},
			"faces": {
				"north": {"uv": [7, 1, 7.75, 3], "texture": "#0", "cullface": "east"},
				"east": {"uv": [6, 1, 8, 3], "texture": "#0", "cullface": "east"},
				"south": {"uv": [6, 1, 6.75, 3], "texture": "#0", "cullface": "east"},
				"west": {"uv": [6, 1, 8, 3], "texture": "#0", "cullface": "east"},
				"up": {"uv": [6, 1, 8, 1.75], "rotation": 270, "texture": "#0", "cullface": "east"},
				"down": {"uv": [6, 2, 8, 2.75], "rotation": 90, "texture": "#0", "cullface": "east"}
			}
		},
		{
			"from": [16.00278, 9, 7.99722],
			"to": [16.75278, 11, 9.99722],
			"rotation": {"angle": 0, "axis": "y", "origin": [8.00278, 7.88889, 8]},
			"faces": {
				"north": {"uv": [7, 5, 7.75, 7], "texture": "#0", "cullface": "east"},
				"east": {"uv": [6, 5, 8, 7], "texture": "#0", "cullface": "east"},
				"south": {"uv": [6, 5, 6.75, 7], "texture": "#0", "cullface": "east"},
				"west": {"uv": [6, 5, 8, 7], "texture": "#0", "cullface": "east"},
				"up": {"uv": [6, 5, 8, 5.75], "rotation": 270, "texture": "#0", "cullface": "east"},
				"down": {"uv": [6, 6, 8, 6.75], "rotation": 90, "texture": "#0", "cullface": "east"}
			}
		},
		{
			"from": [16.00278, 10, 9.99722],
			"to": [16.75278, 12, 11.99722],
			"rotation": {"angle": 0, "axis": "y", "origin": [8.00278, 7.88889, 8]},
			"faces": {
				"north": {"uv": [5, 4, 5.75, 6], "texture": "#0", "cullface": "east"},
				"east": {"uv": [4, 4, 6, 6], "texture": "#0", "cullface": "east"},
				"south": {"uv": [4, 4, 4.75, 6], "texture": "#0", "cullface": "east"},
				"west": {"uv": [4, 4, 6, 6], "texture": "#0", "cullface": "east"},
				"up": {"uv": [4, 4, 6, 4.75], "rotation": 270, "texture": "#0", "cullface": "east"},
				"down": {"uv": [4, 5, 6, 5.75], "rotation": 90, "texture": "#0", "cullface": "east"}
			}
		},
		{
			"from": [16.00278, 6, 7.99722],
			"to": [16.75278, 8, 9.99722],
			"rotation": {"angle": 0, "axis": "y", "origin": [8.00278, 7.88889, 8]},
			"faces": {
				"north": {"uv": [7, 8, 7.75, 10], "texture": "#0", "cullface": "east"},
				"east": {"uv": [6, 8, 8, 10], "texture": "#0", "cullface": "east"},
				"south": {"uv": [6, 8, 6.75, 10], "texture": "#0", "cullface": "east"},
				"west": {"uv": [6, 8, 8, 10], "texture": "#0", "cullface": "east"},
				"up": {"uv": [6, 8, 8, 8.75], "rotation": 270, "texture": "#0", "cullface": "east"},
				"down": {"uv": [6, 9, 8, 9.75], "rotation": 90, "texture": "#0", "cullface": "east"}
			}
		},
		{
			"from": [16.00278, 3, 6.99722],
			"to": [16.75278, 5, 8.99722],
			"rotation": {"angle": 0, "axis": "y", "origin": [8.00278, 7.88889, 8]},
			"faces": {
				"north": {"uv": [8, 11, 8.75, 13], "texture": "#0", "cullface": "east"},
				"east": {"uv": [7, 11, 9, 13], "texture": "#0", "cullface": "east"},
				"south": {"uv": [7, 11, 7.75, 13], "texture": "#0", "cullface": "east"},
				"west": {"uv": [7, 11, 9, 13], "texture": "#0", "cullface": "east"},
				"up": {"uv": [7, 11, 9, 11.75], "rotation": 270, "texture": "#0", "cullface": "east"},
				"down": {"uv": [7, 12, 9, 12.75], "rotation": 90, "texture": "#0", "cullface": "east"}
			}
		},
		{
			"from": [16.00278, 5, 3.99722],
			"to": [16.75278, 7, 5.99722],
			"rotation": {"angle": 0, "axis": "y", "origin": [8.00278, 7.88889, 8]},
			"faces": {
				"north": {"uv": [11, 9, 11.75, 11], "texture": "#0", "cullface": "east"},
				"east": {"uv": [10, 9, 12, 11], "texture": "#0", "cullface": "east"},
				"south": {"uv": [10, 9, 10.75, 11], "texture": "#0", "cullface": "east"},
				"west": {"uv": [10, 9, 12, 11], "texture": "#0", "cullface": "east"},
				"up": {"uv": [10, 9, 12, 9.75], "rotation": 270, "texture": "#0", "cullface": "east"},
				"down": {"uv": [10, 10, 12, 10.75], "rotation": 90, "texture": "#0", "cullface": "east"}
			}
		},
		{
			"from": [16.00278, 4, 0.99722],
			"to": [16.75278, 6, 2.99722],
			"rotation": {"angle": 0, "axis": "y", "origin": [8.00278, 7.88889, 8]},
			"faces": {
				"north": {"uv": [14, 10, 14.75, 12], "texture": "#0", "cullface": "east"},
				"east": {"uv": [13, 10, 15, 12], "texture": "#0", "cullface": "east"},
				"south": {"uv": [13, 10, 13.75, 12], "texture": "#0", "cullface": "east"},
				"west": {"uv": [13, 10, 15, 12], "texture": "#0", "cullface": "east"},
				"up": {"uv": [13, 10, 15, 10.75], "rotation": 270, "texture": "#0", "cullface": "east"},
				"down": {"uv": [13, 11, 15, 11.75], "rotation": 90, "texture": "#0", "cullface": "east"}
			}
		},
		{
			"from": [16.00278, 11, 1.99722],
			"to": [16.75278, 13, 3.99722],
			"rotation": {"angle": 0, "axis": "y", "origin": [8.00278, 7.88889, 8]},
			"faces": {
				"north": {"uv": [13, 3, 13.75, 5], "texture": "#0", "cullface": "east"},
				"east": {"uv": [12, 3, 14, 5], "texture": "#0", "cullface": "east"},
				"south": {"uv": [12, 3, 12.75, 5], "texture": "#0", "cullface": "east"},
				"west": {"uv": [12, 3, 14, 5], "texture": "#0", "cullface": "east"},
				"up": {"uv": [12, 3, 14, 3.75], "rotation": 270, "texture": "#0", "cullface": "east"},
				"down": {"uv": [12, 4, 14, 4.75], "rotation": 90, "texture": "#0", "cullface": "east"}
			}
		},
		{
			"from": [16.00278, 1, 12.99722],
			"to": [16.75278, 3, 14.99722],
			"rotation": {"angle": 0, "axis": "y", "origin": [8.00278, 7.88889, 8]},
			"faces": {
				"north": {"uv": [2, 13, 2.75, 15], "texture": "#0", "cullface": "east"},
				"east": {"uv": [1, 13, 3, 15], "texture": "#0", "cullface": "east"},
				"south": {"uv": [1, 13, 1.75, 15], "texture": "#0", "cullface": "east"},
				"west": {"uv": [1, 13, 3, 15], "texture": "#0", "cullface": "east"},
				"up": {"uv": [1, 13, 3, 13.75], "rotation": 270, "texture": "#0", "cullface": "east"},
				"down": {"uv": [1, 14, 3, 14.75], "rotation": 90, "texture": "#0", "cullface": "east"}
			}
		},
		{
			"from": [-0.74722, 1, 1.00278],
			"to": [0.00278, 3, 3.00278],
			"rotation": {"angle": 0, "axis": "y", "origin": [8.00278, 7.88889, 8]},
			"faces": {
				"north": {"uv": [1, 13, 1.75, 15], "texture": "#0", "cullface": "west"},
				"south": {"uv": [2, 13, 2.75, 15], "texture": "#0", "cullface": "west"},
				"west": {"uv": [1, 13, 3, 15], "texture": "#0", "cullface": "west"},
				"up": {"uv": [1, 13, 3, 13.75], "rotation": 90, "texture": "#0", "cullface": "west"},
				"down": {"uv": [1, 14, 3, 14.75], "rotation": 270, "texture": "#0", "cullface": "west"}
			}
		},
		{
			"from": [-0.74722, 6, 6.00278],
			"to": [0.00278, 8, 8.00278],
			"rotation": {"angle": 0, "axis": "y", "origin": [8.00278, 7.88889, 8]},
			"faces": {
				"north": {"uv": [6, 8, 6.75, 10], "texture": "#0", "cullface": "west"},
				"south": {"uv": [7, 8, 7.75, 10], "texture": "#0", "cullface": "west"},
				"west": {"uv": [6, 8, 8, 10], "texture": "#0", "cullface": "west"},
				"up": {"uv": [6, 8, 8, 8.75], "rotation": 90, "texture": "#0", "cullface": "west"},
				"down": {"uv": [6, 9, 8, 9.75], "rotation": 270, "texture": "#0", "cullface": "west"}
			}
		},
		{
			"from": [-0.74722, 3, 7.00278],
			"to": [0.00278, 5, 9.00278],
			"rotation": {"angle": 0, "axis": "y", "origin": [8.00278, 7.88889, 8]},
			"faces": {
				"north": {"uv": [7, 11, 7.75, 13], "texture": "#0", "cullface": "west"},
				"south": {"uv": [8, 11, 8.75, 13], "texture": "#0", "cullface": "west"},
				"west": {"uv": [7, 11, 9, 13], "texture": "#0", "cullface": "west"},
				"up": {"uv": [7, 11, 9, 11.75], "rotation": 90, "texture": "#0", "cullface": "west"},
				"down": {"uv": [7, 12, 9, 12.75], "rotation": 270, "texture": "#0", "cullface": "west"}
			}
		},
		{
			"from": [-0.74722, 5, 10.00278],
			"to": [0.00278, 7, 12.00278],
			"rotation": {"angle": 0, "axis": "y", "origin": [8.00278, 7.88889, 8]},
			"faces": {
				"north": {"uv": [10, 9, 10.75, 11], "texture": "#0", "cullface": "west"},
				"south": {"uv": [11, 9, 11.75, 11], "texture": "#0", "cullface": "west"},
				"west": {"uv": [10, 9, 12, 11], "texture": "#0", "cullface": "west"},
				"up": {"uv": [10, 9, 12, 9.75], "rotation": 90, "texture": "#0", "cullface": "west"},
				"down": {"uv": [10, 10, 12, 10.75], "rotation": 270, "texture": "#0", "cullface": "west"}
			}
		},
		{
			"from": [-0.74722, 4, 13.00278],
			"to": [0.00278, 6, 15.00278],
			"rotation": {"angle": 0, "axis": "y", "origin": [8.00278, 7.88889, 8]},
			"faces": {
				"north": {"uv": [13, 10, 13.75, 12], "texture": "#0", "cullface": "west"},
				"south": {"uv": [14, 10, 14.75, 12], "texture": "#0", "cullface": "west"},
				"west": {"uv": [13, 10, 15, 12], "texture": "#0", "cullface": "west"},
				"up": {"uv": [13, 10, 15, 10.75], "rotation": 90, "texture": "#0", "cullface": "west"},
				"down": {"uv": [13, 11, 15, 11.75], "rotation": 270, "texture": "#0", "cullface": "west"}
			}
		},
		{
			"from": [-0.74722, 11, 12.00278],
			"to": [0.00278, 13, 14.00278],
			"rotation": {"angle": 0, "axis": "y", "origin": [8.00278, 7.88889, 8]},
			"faces": {
				"north": {"uv": [12, 3, 12.75, 5], "texture": "#0", "cullface": "west"},
				"south": {"uv": [13, 3, 13.75, 5], "texture": "#0", "cullface": "west"},
				"west": {"uv": [12, 3, 14, 5], "texture": "#0", "cullface": "west"},
				"up": {"uv": [12, 3, 14, 3.75], "rotation": 90, "texture": "#0", "cullface": "west"},
				"down": {"uv": [12, 4, 14, 4.75], "rotation": 270, "texture": "#0", "cullface": "west"}
			}
		},
		{
			"from": [-0.74722, 9, 6.00278],
			"to": [0.00278, 11, 8.00278],
			"rotation": {"angle": 0, "axis": "y", "origin": [8.00278, 7.88889, 8]},
			"faces": {
				"north": {"uv": [6, 5, 6.75, 7], "texture": "#0", "cullface": "west"},
				"south": {"uv": [7, 5, 7.75, 7], "texture": "#0", "cullface": "west"},
				"west": {"uv": [6, 5, 8, 7], "texture": "#0", "cullface": "west"},
				"up": {"uv": [6, 5, 8, 5.75], "rotation": 90, "texture": "#0", "cullface": "west"},
				"down": {"uv": [6, 6, 8, 6.75], "rotation": 270, "texture": "#0", "cullface": "west"}
			}
		},
		{
			"from": [-0.74722, 10, 4.00278],
			"to": [0.00278, 12, 6.00278],
			"rotation": {"angle": 0, "axis": "y", "origin": [8.00278, 7.88889, 8]},
			"faces": {
				"north": {"uv": [4, 4, 4.75, 6], "texture": "#0", "cullface": "west"},
				"south": {"uv": [5, 4, 5.75, 6], "texture": "#0", "cullface": "west"},
				"west": {"uv": [4, 4, 6, 6], "texture": "#0", "cullface": "west"},
				"up": {"uv": [4, 4, 6, 4.75], "rotation": 90, "texture": "#0", "cullface": "west"},
				"down": {"uv": [4, 5, 6, 5.75], "rotation": 270, "texture": "#0", "cullface": "west"}
			}
		},
		{
			"from": [-0.74722, 13, 6.00278],
			"to": [0.00278, 15, 8.00278],
			"rotation": {"angle": 0, "axis": "y", "origin": [8.00278, 7.88889, 8]},
			"faces": {
				"north": {"uv": [6, 1, 6.75, 3], "texture": "#0", "cullface": "west"},
				"south": {"uv": [7, 1, 7.75, 3], "texture": "#0", "cullface": "west"},
				"west": {"uv": [6, 1, 8, 3], "texture": "#0", "cullface": "west"},
				"up": {"uv": [6, 1, 8, 1.75], "rotation": 90, "texture": "#0", "cullface": "west"},
				"down": {"uv": [6, 2, 8, 2.75], "rotation": 270, "texture": "#0", "cullface": "west"}
			}
		}
	],
	"display": {
		"thirdperson_righthand": {
			"rotation": [75, 45, 0],
			"translation": [0, 2.5, 0],
			"scale": [0.375, 0.375, 0.375]
		},
		"thirdperson_lefthand": {
			"rotation": [75, 45, 0],
			"translation": [0, 2.5, 0],
			"scale": [0.375, 0.375, 0.375]
		},
		"firstperson_righthand": {
			"rotation": [0, 45, 0],
			"scale": [0.4, 0.4, 0.4]
		},
		"firstperson_lefthand": {
			"rotation": [0, 225, 0],
			"scale": [0.4, 0.4, 0.4]
		},
		"ground": {
			"translation": [0, 3, 0],
			"scale": [0.25, 0.25, 0.25]
		},
		"gui": {
			"rotation": [30, 225, 0],
			"scale": [0.625, 0.625, 0.625]
		},
		"fixed": {
			"scale": [0.5, 0.5, 0.5]
		}
	}
}