{
	"credit": "Made by N0do | GMnodo",
	"parent": "minecraft:block/cube_column",
	"textures": {
		"2": "modeltextures/mushroom_stem",
		"3": "modeltextures/mushroom_block_inside",
		"4": "modeltextures/brown_mushroom_block",
		"particle": "modeltextures/brown_mushroom_block"
	},
	"elements": [
		{
			"from": [1.97746, 0, 8.26863],
			"to": [2.97746, 2, 9.26863],
			"rotation": {"angle": 0, "axis": "y", "origin": [1.47746, 1.75, 6.76863]},
			"faces": {
				"north": {"uv": [9, 3, 10, 5], "texture": "#2"},
				"east": {"uv": [7, 8, 8, 10], "texture": "#2"},
				"south": {"uv": [8, 5, 9, 7], "texture": "#2"},
				"west": {"uv": [6, 6, 7, 8], "texture": "#2"},
				"down": {"uv": [6, 6, 7, 7], "texture": "#2", "cullface": "down"}
			}
		},
		{
			"from": [0.97746, 2, 7.26863],
			"to": [3.97746, 3, 10.26863],
			"rotation": {"angle": 0, "axis": "y", "origin": [1.47746, 1.75, 6.76863]},
			"faces": {
				"north": {"uv": [8, 1, 11, 2], "texture": "#4"},
				"east": {"uv": [2, 3, 5, 4], "texture": "#4"},
				"south": {"uv": [8, 3, 11, 4], "texture": "#4"},
				"west": {"uv": [3, 3, 6, 4], "texture": "#4"},
				"up": {"uv": [4, 3, 7, 6], "texture": "#4"},
				"down": {"uv": [5, 4, 8, 7], "texture": "#3"}
			}
		},
		{
			"from": [10.87696, 0, 6.26863],
			"to": [11.87696, 1, 7.26863],
			"rotation": {"angle": -22.5, "axis": "y", "origin": [11.37696, 1, 6.76863]},
			"faces": {
				"north": {"uv": [6, 6, 7, 7], "texture": "#2"},
				"east": {"uv": [9, 3, 10, 4], "texture": "#2"},
				"south": {"uv": [7, 8, 8, 9], "texture": "#2"},
				"west": {"uv": [8, 5, 9, 6], "texture": "#2"},
				"down": {"uv": [6, 6, 7, 7], "rotation": 270, "texture": "#2", "cullface": "down"}
			}
		},
		{
			"from": [9.87696, 1, 5.26863],
			"to": [12.87696, 2, 8.26863],
			"rotation": {"angle": -22.5, "axis": "y", "origin": [11.37696, 1, 6.76863]},
			"faces": {
				"north": {"uv": [3, 3, 6, 4], "texture": "#4"},
				"east": {"uv": [8, 1, 11, 2], "texture": "#4"},
				"south": {"uv": [2, 3, 5, 4], "texture": "#4"},
				"west": {"uv": [8, 3, 11, 4], "texture": "#4"},
				"up": {"uv": [4, 3, 7, 6], "rotation": 90, "texture": "#4"},
				"down": {"uv": [5, 4, 8, 7], "rotation": 270, "texture": "#3"}
			}
		},
		{
			"from": [7.2201, 1, 9.3397],
			"to": [10.2201, 2, 12.3397],
			"rotation": {"angle": 22.5, "axis": "y", "origin": [5.7201, 1, 13.8397]},
			"faces": {
				"north": {"uv": [3, 3, 6, 4], "texture": "#4"},
				"east": {"uv": [8, 1, 11, 2], "texture": "#4"},
				"south": {"uv": [2, 3, 5, 4], "texture": "#4"},
				"west": {"uv": [8, 3, 11, 4], "texture": "#4"},
				"up": {"uv": [4, 3, 7, 6], "rotation": 90, "texture": "#4"},
				"down": {"uv": [5, 4, 8, 7], "rotation": 270, "texture": "#3"}
			}
		},
		{
			"from": [8.2201, 0, 10.3397],
			"to": [9.2201, 1, 11.3397],
			"rotation": {"angle": 22.5, "axis": "y", "origin": [5.7201, 1, 13.8397]},
			"faces": {
				"north": {"uv": [6, 6, 7, 7], "texture": "#2"},
				"east": {"uv": [9, 3, 10, 4], "texture": "#2"},
				"south": {"uv": [7, 8, 8, 9], "texture": "#2"},
				"west": {"uv": [8, 5, 9, 6], "texture": "#2"},
				"down": {"uv": [6, 6, 7, 7], "rotation": 270, "texture": "#2", "cullface": "down"}
			}
		},
		{
			"from": [5.92721, 0, 5.56152],
			"to": [6.92721, 3, 6.56152],
			"rotation": {"angle": -22.5, "axis": "y", "origin": [6.42721, 2.5, 6.06152]},
			"faces": {
				"north": {"uv": [9, 3, 10, 6], "texture": "#2"},
				"east": {"uv": [7, 8, 8, 11], "texture": "#2"},
				"south": {"uv": [8, 5, 9, 8], "texture": "#2"},
				"west": {"uv": [6, 6, 7, 9], "texture": "#2"},
				"down": {"uv": [6, 6, 7, 7], "texture": "#2", "cullface": "down"}
			}
		},
		{
			"from": [4.92721, 3, 4.56152],
			"to": [7.92721, 4, 7.56152],
			"rotation": {"angle": -22.5, "axis": "y", "origin": [6.42721, 2.5, 6.06152]},
			"faces": {
				"north": {"uv": [8, 1, 11, 2], "texture": "#4"},
				"east": {"uv": [2, 3, 5, 4], "texture": "#4"},
				"south": {"uv": [8, 3, 11, 4], "texture": "#4"},
				"west": {"uv": [3, 3, 6, 4], "texture": "#4"},
				"up": {"uv": [4, 3, 7, 6], "texture": "#4"},
				"down": {"uv": [5, 4, 8, 7], "texture": "#3"}
			}
		}
	],
	"display": {
		"thirdperson_righthand": {
			"translation": [0, 3, 1],
			"scale": [0.55, 0.55, 0.55]
		},
		"thirdperson_lefthand": {
			"translation": [0, 3, 1],
			"scale": [0.55, 0.55, 0.55]
		},
		"firstperson_righthand": {
			"rotation": [0, -90, 25],
			"translation": [1.13, 3.2, 1.13],
			"scale": [0.68, 0.68, 0.68]
		},
		"firstperson_lefthand": {
			"rotation": [0, -90, 25],
			"translation": [1.13, 3.2, 1.13],
			"scale": [0.68, 0.68, 0.68]
		},
		"ground": {
			"translation": [0, 2, 0],
			"scale": [0.5, 0.5, 0.5]
		},
		"head": {
			"rotation": [0, 180, 0],
			"translation": [0, 13, 7]
		},
		"fixed": {
			"rotation": [0, 180, 0]
		}
	}
}