{
	"__comment": "Designed by Philosophical",
	"parent": "block/rail_flat",
	"textures": {
		"particle": "block/activator_rail_on",
		"rail": "block/activator_rail_on",
		"rail_wood": "block/powered_rail_wood_on",
		"rail_power": "block/rail_power_on"
	},
	"elements": [
		{
			"__comment": "Cube1",
			"from": [ 1, 10.625, 5.5817 ],
			"to": [ 15, 11.625, 7.5817 ],
			"rotation": { "origin": [ 15.0625, 13.03125, 5.53125 ], "axis": "x", "angle": 45 },
			"faces": {
				"down": { "uv": [ 15, 1, 1, 3 ], "texture": "#rail_wood", "rotation": 180 },
				"up": { "uv": [ 15, 3, 1, 1 ], "texture": "#rail_wood", "rotation": 180 },
				"north": { "uv": [ 1, 2, 15, 1 ], "texture": "#rail_wood", "rotation": 180 },
				"south": { "uv": [ 15, 3, 1, 2 ], "texture": "#rail_wood", "rotation": 180 },
				"west": { "uv": [ 1, 1, 2, 3 ], "texture": "#rail_wood", "rotation": 270 },
				"east": { "uv": [ 14, 1, 15, 3 ], "texture": "#rail_wood", "rotation": 90 }
			}
		},
		{
			"__comment": "Cube1",
			"from": [ 1, 10.625, 11.238 ],
			"to": [ 15, 11.625, 13.238 ],
			"rotation": { "origin": [ 15.0625, 13.03125, 5.53125 ], "axis": "x", "angle": 45 },
			"faces": {
				"down": { "uv": [ 15, 5, 1, 7 ], "texture": "#rail_wood", "rotation": 180 },
				"up": { "uv": [ 15, 7, 1, 5 ], "texture": "#rail_wood", "rotation": 180 },
				"north": { "uv": [ 1, 6, 15, 5 ], "texture": "#rail_wood", "rotation": 180 },
				"south": { "uv": [ 15, 7, 1, 6 ], "texture": "#rail_wood", "rotation": 180 },
				"west": { "uv": [ 1, 5, 2, 7 ], "texture": "#rail_wood", "rotation": 270 },
				"east": { "uv": [ 14, 5, 15, 7 ], "texture": "#rail_wood", "rotation": 90 }
			}
		},
		{
			"__comment": "Cube1",
			"from": [ 1, 10.625, 16.8943 ],
			"to": [ 15, 11.625, 18.8943 ],
			"rotation": { "origin": [ 15.0625, 13.03125, 5.53125 ], "axis": "x", "angle": 45 },
			"faces": {
				"down": { "uv": [ 15, 9, 1, 11 ], "texture": "#rail_wood", "rotation": 180 },
				"up": { "uv": [ 15, 11, 1, 9 ], "texture": "#rail_wood", "rotation": 180 },
				"north": { "uv": [ 1, 10, 15, 9 ], "texture": "#rail_wood", "rotation": 180 },
				"south": { "uv": [ 15, 11, 1, 10 ], "texture": "#rail_wood", "rotation": 180 },
				"west": { "uv": [ 1, 9, 2, 11 ], "texture": "#rail_wood", "rotation": 270 },
				"east": { "uv": [ 14, 9, 15, 11 ], "texture": "#rail_wood", "rotation": 90 }
			}
		},
		{
			"__comment": "Cube5",
			"from": [ 12, 11.6249, -1.9004 ],
			"to": [ 14, 12.6249, 21.4996 ],
			"rotation": { "origin": [ 15.0625, 13.03125, 5.53125 ], "axis": "x", "angle": 45 },
			"faces": {
				"down": { "uv": [ 4, 16, 2, 0 ], "texture": "#rail" },
				"up": { "uv": [ 4, 16, 2, 0 ], "texture": "#rail" },
				"north": { "uv": [ 4, 1, 2, 0 ], "texture": "#rail", "rotation": 180 },
				"south": { "uv": [ 2, 16, 4, 15 ], "texture": "#rail", "rotation": 180 },
				"west": { "uv": [ 3, 0, 4, 16 ], "texture": "#rail", "rotation": 270 },
				"east": { "uv": [ 2, 0, 3, 16 ], "texture": "#rail", "rotation": 270 }
			}
		},
		{
			"__comment": "Cube1",
			"from": [ 1, 10.625, -0.0645 ],
			"to": [ 15, 11.625, 1.9355 ],
			"rotation": { "origin": [ 15.0625, 13.03125, 5.53125 ], "axis": "x", "angle": 45 },
			"faces": {
				"down": { "uv": [ 15, 13, 1, 15 ], "texture": "#rail_wood", "rotation": 180 },
				"up": { "uv": [ 15, 15, 1, 13 ], "texture": "#rail_wood", "rotation": 180 },
				"north": { "uv": [ 1, 14, 15, 13 ], "texture": "#rail_wood", "rotation": 180 },
				"south": { "uv": [ 15, 15, 1, 14 ], "texture": "#rail_wood", "rotation": 180 },
				"west": { "uv": [ 1, 13, 2, 15 ], "texture": "#rail_wood", "rotation": 270 },
				"east": { "uv": [ 14, 13, 15, 15 ], "texture": "#rail_wood", "rotation": 90 }
			}
		},
		{
			"__comment": "Cube5",
			"from": [ 2, 11.6249, -1.9004 ],
			"to": [ 4, 12.6249, 21.4996 ],
			"rotation": { "origin": [ 15.0625, 13.03125, 5.53125 ], "axis": "x", "angle": 45 },
			"faces": {
				"down": { "uv": [ 14, 16, 12, 0 ], "texture": "#rail" },
				"up": { "uv": [ 14, 16, 12, 0 ], "texture": "#rail" },
				"north": { "uv": [ 14, 1, 12, 0 ], "texture": "#rail", "rotation": 180 },
				"south": { "uv": [ 12, 16, 14, 15 ], "texture": "#rail", "rotation": 180 },
				"west": { "uv": [ 13, 0, 14, 16 ], "texture": "#rail", "rotation": 270 },
				"east": { "uv": [ 12, 0, 13, 16 ], "texture": "#rail", "rotation": 270 }
			}
		},
		{
			"__comment": "Cube5",
			"from": [ 7, 10.1765, -0.8181 ],
			"to": [ 9, 10.6765, 17.5819 ],
			"rotation": { "origin": [ 15.0625, 11.53125, 5.5625 ], "axis": "x", "angle": 45 },
			"faces": {
				"down": { "uv": [ 9, 0, 7, 16 ], "texture": "#rail_power" },
				"up": { "uv": [ 9, 16, 7, 0 ], "texture": "#rail_power" },
				"north": { "uv": [ 9, 16, 7, 15 ], "texture": "#rail_power", "rotation": 180 },
				"south": { "uv": [ 7, 1, 9, 0 ], "texture": "#rail_power", "rotation": 180 },
				"west": { "uv": [ 8, 16, 9, 0 ], "texture": "#rail_power", "rotation": 270 },
				"east": { "uv": [ 7, 0, 8, 16 ], "texture": "#rail_power", "rotation": 270 }
			}
		}
	]
}