{
	"__comment": "Designed by Philosophical",
	"parent": "block/rail_flat",
	"textures": {
		"particle": "block/powered_rail_on",
		"rail": "block/powered_rail_on",
		"rail_wood": "block/powered_rail_wood_on"
	},
	"elements": [
		{
			"__comment": "Cube1",
			"from": [ 1, 0, 13 ],
			"to": [ 15, 1, 15 ],
			"faces": {
				"down": { "uv": [ 1, 3, 15, 1 ], "texture": "#rail_wood", "rotation": 180 },
				"up": { "uv": [ 1, 1, 15, 3 ], "texture": "#rail_wood", "rotation": 180 },
				"north": { "uv": [ 1, 2, 15, 3 ], "texture": "#rail_wood" },
				"south": { "uv": [ 15, 1, 1, 2 ], "texture": "#rail_wood" },
				"west": { "uv": [ 14, 1, 15, 3 ], "texture": "#rail_wood", "rotation": 90 },
				"east": { "uv": [ 1, 1, 2, 3 ], "texture": "#rail_wood", "rotation": 270 }
			}
		},
		{
			"__comment": "Cube1",
			"from": [ 1, 0, 9 ],
			"to": [ 15, 1, 11 ],
			"faces": {
				"down": { "uv": [ 1, 7, 15, 5 ], "texture": "#rail_wood", "rotation": 180 },
				"up": { "uv": [ 1, 5, 15, 7 ], "texture": "#rail_wood", "rotation": 180 },
				"north": { "uv": [ 1, 6, 15, 7 ], "texture": "#rail_wood" },
				"south": { "uv": [ 15, 5, 1, 6 ], "texture": "#rail_wood" },
				"west": { "uv": [ 14, 5, 15, 7 ], "texture": "#rail_wood", "rotation": 90 },
				"east": { "uv": [ 1, 5, 2, 7 ], "texture": "#rail_wood", "rotation": 270 }
			}
		},
		{
			"__comment": "Cube1",
			"from": [ 1.0001, 0, 5 ],
			"to": [ 15.0001, 1, 7 ],
			"faces": {
				"down": { "uv": [ 1, 11, 15, 9 ], "texture": "#rail_wood", "rotation": 180 },
				"up": { "uv": [ 1, 9, 15, 11 ], "texture": "#rail_wood", "rotation": 180 },
				"north": { "uv": [ 1, 10, 15, 11 ], "texture": "#rail_wood" },
				"south": { "uv": [ 15, 9, 1, 10 ], "texture": "#rail_wood" },
				"west": { "uv": [ 14, 9, 15, 11 ], "texture": "#rail_wood", "rotation": 90 },
				"east": { "uv": [ 1, 9, 2, 11 ], "texture": "#rail_wood", "rotation": 270 }
			}
		},
		{
			"__comment": "Cube1",
			"from": [ 1.0001, 0, 1 ],
			"to": [ 15.0001, 1, 3 ],
			"faces": {
				"down": { "uv": [ 1, 15, 15, 13 ], "texture": "#rail_wood", "rotation": 180 },
				"up": { "uv": [ 1, 13, 15, 15 ], "texture": "#rail_wood", "rotation": 180 },
				"north": { "uv": [ 1, 14, 15, 15 ], "texture": "#rail_wood" },
				"south": { "uv": [ 15, 13, 1, 14 ], "texture": "#rail_wood" },
				"west": { "uv": [ 14, 13, 15, 15 ], "texture": "#rail_wood", "rotation": 90 },
				"east": { "uv": [ 1, 13, 2, 15 ], "texture": "#rail_wood", "rotation": 270 }
			}
		},
		{
			"__comment": "Cube5",
			"from": [ 12, 1, 0 ],
			"to": [ 14, 2, 16 ],
			"faces": {
				"down": { "uv": [ 2, 16, 4, 0 ], "texture": "#rail", "rotation": 180 },
				"up": { "uv": [ 2, 0, 4, 16 ], "texture": "#rail", "rotation": 180 },
				"north": { "uv": [ 2, 15, 4, 16 ], "texture": "#rail" },
				"south": { "uv": [ 4, 0, 2, 1 ], "texture": "#rail" },
				"west": { "uv": [ 3, 16, 4, 0 ], "texture": "#rail", "rotation": 270 },
				"east": { "uv": [ 2, 0, 3, 16 ], "texture": "#rail", "rotation": 270 }
			}
		},
		{
			"__comment": "Cube5",
			"from": [ 2, 1, 0 ],
			"to": [ 4, 2, 16 ],
			"faces": {
				"down": { "uv": [ 2, 16, 4, 0 ], "texture": "#rail" },
				"up": { "uv": [ 2, 0, 4, 16 ], "texture": "#rail" },
				"north": { "uv": [ 4, 0, 2, 1 ], "texture": "#rail" },
				"south": { "uv": [ 2, 15, 4, 16 ], "texture": "#rail" },
				"west": { "uv": [ 2, 0, 3, 16 ], "texture": "#rail", "rotation": 270 },
				"east": { "uv": [ 3, 16, 4, 0 ], "texture": "#rail", "rotation": 270 }
			}
		},
		{
			"__comment": "Cube7",
			"from": [ 7, 0, 3 ],
			"to": [ 9, 0.5, 13 ],
			"faces": {
				"down": { "uv": [ 7, 3, 9, 13 ], "texture": "#rail" },
				"up": { "uv": [ 7, 13, 9, 3 ], "texture": "#rail" },
				"west": { "uv": [ 7, 3, 8, 13 ], "texture": "#rail", "rotation": 90 },
				"east": { "uv": [ 8, 3, 9, 13 ], "texture": "#rail", "rotation": 270 }
			}
		}
	]
}