{
	"__comment": "Designed by Philosophical",
	"parent": "block/rail_flat",
	"textures": {
		"particle": "block/powered_rail_on",
		"rail": "block/powered_rail_on",
		"rail_wood": "block/powered_rail_wood_on",
		"rail_power": "block/rail_power_on"
	},
	"elements": [
		{
			"__comment": "Cube1",
			"from": [ 1, 10.625, 8.4182 ],
			"to": [ 15, 11.625, 10.4182 ],
			"rotation": { "origin": [ 0.9375, 13.03125, 10.46875 ], "axis": "x", "angle": -45 },
			"faces": {
				"down": { "uv": [ 15, 1, 1, 3 ], "texture": "#rail_wood" },
				"up": { "uv": [ 15, 3, 1, 1 ], "texture": "#rail_wood" },
				"north": { "uv": [ 15, 3, 1, 2 ], "texture": "#rail_wood", "rotation": 180 },
				"south": { "uv": [ 1, 2, 15, 1 ], "texture": "#rail_wood", "rotation": 180 },
				"west": { "uv": [ 14, 1, 15, 3 ], "texture": "#rail_wood", "rotation": 90 },
				"east": { "uv": [ 1, 1, 2, 3 ], "texture": "#rail_wood", "rotation": 270 }
			}
		},
		{
			"__comment": "Cube1",
			"from": [ 1, 10.625, 2.762 ],
			"to": [ 15, 11.625, 4.762 ],
			"rotation": { "origin": [ 0.9375, 13.03125, 10.46875 ], "axis": "x", "angle": -45 },
			"faces": {
				"down": { "uv": [ 15, 5, 1, 7 ], "texture": "#rail_wood" },
				"up": { "uv": [ 15, 7, 1, 5 ], "texture": "#rail_wood" },
				"north": { "uv": [ 15, 7, 1, 6 ], "texture": "#rail_wood", "rotation": 180 },
				"south": { "uv": [ 1, 6, 15, 5 ], "texture": "#rail_wood", "rotation": 180 },
				"west": { "uv": [ 14, 5, 15, 7 ], "texture": "#rail_wood", "rotation": 90 },
				"east": { "uv": [ 1, 5, 2, 7 ], "texture": "#rail_wood", "rotation": 270 }
			}
		},
		{
			"__comment": "Cube1",
			"from": [ 1, 10.625, -2.8943 ],
			"to": [ 15, 11.625, -0.8943 ],
			"rotation": { "origin": [ 0.9375, 13.03125, 10.46875 ], "axis": "x", "angle": -45 },
			"faces": {
				"down": { "uv": [ 15, 9, 1, 11 ], "texture": "#rail_wood" },
				"up": { "uv": [ 15, 11, 1, 9 ], "texture": "#rail_wood" },
				"north": { "uv": [ 15, 11, 1, 10 ], "texture": "#rail_wood", "rotation": 180 },
				"south": { "uv": [ 1, 10, 15, 9 ], "texture": "#rail_wood", "rotation": 180 },
				"west": { "uv": [ 14, 9, 15, 11 ], "texture": "#rail_wood", "rotation": 90 },
				"east": { "uv": [ 1, 9, 2, 11 ], "texture": "#rail_wood", "rotation": 270 }
			}
		},
		{
			"__comment": "Cube5",
			"from": [ 2, 11.6251, -5.4996 ],
			"to": [ 4, 12.6251, 17.9004 ],
			"rotation": { "origin": [ 0.9375, 13.03125, 10.46875 ], "axis": "x", "angle": -45 },
			"faces": {
				"down": { "uv": [ 4, 0, 2, 16 ], "texture": "#rail", "rotation": 180 },
				"up": { "uv": [ 4, 16, 2, 0 ], "texture": "#rail", "rotation": 180 },
				"north": { "uv": [ 2, 16, 4, 15 ], "texture": "#rail", "rotation": 180 },
				"south": { "uv": [ 4, 1, 2, 0 ], "texture": "#rail", "rotation": 180 },
				"west": { "uv": [ 2, 0, 3, 16 ], "texture": "#rail", "rotation": 270 },
				"east": { "uv": [ 3, 16, 4, 0 ], "texture": "#rail", "rotation": 270 }
			}
		},
		{
			"__comment": "Cube1",
			"from": [ 1, 10.625, 14.0644 ],
			"to": [ 15, 11.625, 16.0644 ],
			"rotation": { "origin": [ 0.9375, 13.03125, 10.46875 ], "axis": "x", "angle": -45 },
			"faces": {
				"down": { "uv": [ 15, 13, 1, 15 ], "texture": "#rail_wood" },
				"up": { "uv": [ 15, 15, 1, 13 ], "texture": "#rail_wood" },
				"north": { "uv": [ 15, 15, 1, 14 ], "texture": "#rail_wood", "rotation": 180 },
				"south": { "uv": [ 1, 14, 15, 13 ], "texture": "#rail_wood", "rotation": 180 },
				"west": { "uv": [ 14, 13, 15, 15 ], "texture": "#rail_wood", "rotation": 90 },
				"east": { "uv": [ 1, 13, 2, 15 ], "texture": "#rail_wood", "rotation": 270 }
			}
		},
		{
			"__comment": "Cube5",
			"from": [ 12, 11.6251, -5.4997 ],
			"to": [ 14, 12.6251, 17.9003 ],
			"rotation": { "origin": [ 0.9375, 13.03125, 10.46875 ], "axis": "x", "angle": -45 },
			"faces": {
				"down": { "uv": [ 14, 0, 12, 16 ], "texture": "#rail", "rotation": 180 },
				"up": { "uv": [ 14, 16, 12, 0 ], "texture": "#rail", "rotation": 180 },
				"north": { "uv": [ 12, 16, 14, 15 ], "texture": "#rail", "rotation": 180 },
				"south": { "uv": [ 14, 1, 12, 0 ], "texture": "#rail", "rotation": 180 },
				"west": { "uv": [ 12, 0, 13, 16 ], "texture": "#rail", "rotation": 270 },
				"east": { "uv": [ 13, 16, 14, 0 ], "texture": "#rail", "rotation": 270 }
			}
		},
		{
			"__comment": "Cube5",
			"from": [ 11, 11.6295, -5.2658 ],
			"to": [ 12, 12.1295, 17.3842 ],
			"rotation": { "origin": [ 0.9375, 13.03125, 10.46875 ], "axis": "x", "angle": -45 },
			"faces": {
				"down": { "uv": [ 4, 0, 5, 16 ], "texture": "#rail", "rotation": 180 },
				"up": { "uv": [ 5, 16, 4, 0 ], "texture": "#rail", "rotation": 180 },
				"north": { "uv": [ 4, 16, 5, 15 ], "texture": "#rail", "rotation": 180 },
				"south": { "uv": [ 5, 1, 4, 0 ], "texture": "#rail", "rotation": 180 },
				"west": { "uv": [ 4, 0, 5, 16 ], "texture": "#rail", "rotation": 270 }
			}
		},
		{
			"__comment": "Cube5",
			"from": [ 4, 11.6296, -5.2657 ],
			"to": [ 5, 12.1296, 17.3843 ],
			"rotation": { "origin": [ 0.9375, 13.03125, 10.46875 ], "axis": "x", "angle": -45 },
			"faces": {
				"down": { "uv": [ 11, 0, 12, 16 ], "texture": "#rail", "rotation": 180 },
				"up": { "uv": [ 12, 16, 11, 0 ], "texture": "#rail", "rotation": 180 },
				"north": { "uv": [ 11, 16, 12, 15 ], "texture": "#rail", "rotation": 180 },
				"south": { "uv": [ 12, 1, 11, 0 ], "texture": "#rail", "rotation": 180 },
				"east": { "uv": [ 11, 16, 12, 0 ], "texture": "#rail", "rotation": 270 }
			}
		},
		{
			"__comment": "Cube5",
			"from": [ 7, 10.6379, -2.6334 ],
			"to": [ 9, 11.1379, 15.7666 ],
			"rotation": { "origin": [ 0.9375, 13.03125, 10.46875 ], "axis": "x", "angle": -45 },
			"faces": {
				"down": { "uv": [ 9, 0, 7, 16 ], "texture": "#rail_power", "rotation": 180 },
				"up": { "uv": [ 9, 16, 7, 0 ], "texture": "#rail_power", "rotation": 180 },
				"north": { "uv": [ 7, 1, 9, 0 ], "texture": "#rail_power", "rotation": 180 },
				"south": { "uv": [ 9, 16, 7, 15 ], "texture": "#rail_power", "rotation": 180 },
				"west": { "uv": [ 7, 0, 8, 16 ], "texture": "#rail_power", "rotation": 270 },
				"east": { "uv": [ 8, 16, 9, 0 ], "texture": "#rail_power", "rotation": 270 }
			}
		}
	]
}