{
	"credit": "Made by GMnodo | N0do",
	"textures": {
		"0": "modeltextures/rail",
		"1": "modeltextures/spruce_planks",
		"2": "modeltextures/redstone_glow",
		"3": "modeltextures/anvil",
		"particle": "modeltextures/spruce_planks"
	},
	"elements": [
		{
			"from": [1, 5.17445, 16.1352],
			"to": [15, 7.17445, 18.1352],
			"rotation": {"angle": 45, "axis": "x", "origin": [8, 6.50778, 10.1352]},
			"faces": {
				"north": {"uv": [15, 8, 1, 10], "texture": "#1"},
				"east": {"uv": [13, 4, 11, 6], "texture": "#1"},
				"south": {"uv": [15, 12, 1, 14], "texture": "#1"},
				"west": {"uv": [5, 4, 3, 6], "texture": "#1"},
				"up": {"uv": [1, 15, 15, 13], "texture": "#1"},
				"down": {"uv": [1, 3, 15, 1], "texture": "#1"}
			}
		},
		{
			"from": [1, 5.17445, 12.1352],
			"to": [15, 7.17445, 14.1352],
			"rotation": {"angle": 45, "axis": "x", "origin": [8, 6.50778, 10.1352]},
			"faces": {
				"north": {"uv": [15, 8, 1, 10], "texture": "#1"},
				"east": {"uv": [13, 4, 11, 6], "texture": "#1"},
				"south": {"uv": [15, 12, 1, 14], "texture": "#1"},
				"west": {"uv": [5, 4, 3, 6], "texture": "#1"},
				"up": {"uv": [1, 15, 15, 13], "texture": "#1"},
				"down": {"uv": [1, 3, 15, 1], "texture": "#1"}
			}
		},
		{
			"from": [1, 5.17445, 8.1352],
			"to": [15, 7.17445, 10.1352],
			"rotation": {"angle": 45, "axis": "x", "origin": [8, 6.50778, 10.1352]},
			"faces": {
				"north": {"uv": [15, 8, 1, 10], "texture": "#1"},
				"east": {"uv": [13, 4, 11, 6], "texture": "#1"},
				"south": {"uv": [15, 12, 1, 14], "texture": "#1"},
				"west": {"uv": [5, 4, 3, 6], "texture": "#1"},
				"up": {"uv": [1, 15, 15, 13], "texture": "#1"},
				"down": {"uv": [1, 3, 15, 1], "texture": "#1"}
			}
		},
		{
			"from": [1, 5.17445, 4.1352],
			"to": [15, 7.17445, 6.1352],
			"rotation": {"angle": 45, "axis": "x", "origin": [8, 6.50778, 10.1352]},
			"faces": {
				"north": {"uv": [15, 8, 1, 10], "texture": "#1"},
				"east": {"uv": [13, 4, 11, 6], "texture": "#1"},
				"south": {"uv": [15, 12, 1, 14], "texture": "#1"},
				"west": {"uv": [5, 4, 3, 6], "texture": "#1"},
				"up": {"uv": [1, 15, 15, 13], "texture": "#1"},
				"down": {"uv": [1, 3, 15, 1], "texture": "#1"}
			}
		},
		{
			"from": [1, 5.17445, 0.1352],
			"to": [15, 7.17445, 2.1352],
			"rotation": {"angle": 45, "axis": "x", "origin": [8, 6.50778, 10.1352]},
			"faces": {
				"north": {"uv": [15, 8, 1, 10], "texture": "#1"},
				"east": {"uv": [13, 4, 11, 6], "texture": "#1"},
				"south": {"uv": [15, 12, 1, 14], "texture": "#1"},
				"west": {"uv": [5, 4, 3, 6], "texture": "#1"},
				"up": {"uv": [1, 15, 15, 13], "texture": "#1"},
				"down": {"uv": [1, 3, 15, 1], "texture": "#1"}
			}
		},
		{
			"from": [1, 5.17445, -3.8648],
			"to": [15, 7.17445, -1.8648],
			"rotation": {"angle": 45, "axis": "x", "origin": [8, 6.50778, 10.1352]},
			"faces": {
				"north": {"uv": [15, 8, 1, 10], "texture": "#1"},
				"east": {"uv": [13, 4, 11, 6], "texture": "#1"},
				"south": {"uv": [15, 12, 1, 14], "texture": "#1"},
				"west": {"uv": [5, 4, 3, 6], "texture": "#1"},
				"up": {"uv": [1, 15, 15, 13], "texture": "#1"},
				"down": {"uv": [1, 3, 15, 1], "texture": "#1"}
			}
		},
		{
			"from": [2.0001, 6.17445, 2.1352],
			"to": [3.9991, 8.17445, 18.1352],
			"rotation": {"angle": 45, "axis": "x", "origin": [8, 6.50778, 10.1352]},
			"faces": {
				"east": {"uv": [2, 16, 4, 0], "rotation": 90, "texture": "#0"},
				"south": {"uv": [2, 0, 4, 2], "texture": "#0", "cullface": "south"},
				"west": {"uv": [2, 16, 4, 0], "rotation": 90, "texture": "#0"},
				"up": {"uv": [2, 16, 4, 0], "texture": "#0"},
				"down": {"uv": [2, 16, 4, 0], "texture": "#0"}
			}
		},
		{
			"from": [11.9999, 6.17445, 2.1352],
			"to": [13.9989, 8.17445, 18.1352],
			"rotation": {"angle": 45, "axis": "x", "origin": [8, 6.50778, 10.1352]},
			"faces": {
				"east": {"uv": [12, 16, 14, 0], "rotation": 90, "texture": "#0"},
				"south": {"uv": [12, 0, 14, 2], "texture": "#0", "cullface": "south"},
				"west": {"uv": [12, 16, 14, 0], "rotation": 90, "texture": "#0"},
				"up": {"uv": [12, 16, 14, 0], "texture": "#0"},
				"down": {"uv": [12, 16, 14, 0], "texture": "#0"}
			}
		},
		{
			"from": [2.0001, 6.17445, -5.8648],
			"to": [3.9991, 8.17445, 2.1352],
			"rotation": {"angle": 45, "axis": "x", "origin": [8, 6.50778, 10.1352]},
			"faces": {
				"north": {"uv": [4, 14, 2, 16], "texture": "#0", "cullface": "north"},
				"east": {"uv": [2, 16, 4, 8], "rotation": 90, "texture": "#0"},
				"west": {"uv": [2, 16, 4, 8], "rotation": 90, "texture": "#0"},
				"up": {"uv": [2, 16, 4, 8], "texture": "#0"},
				"down": {"uv": [2, 16, 4, 8], "texture": "#0"}
			}
		},
		{
			"from": [11.9999, 6.17445, -5.8648],
			"to": [13.9989, 8.17445, 2.1352],
			"rotation": {"angle": 45, "axis": "x", "origin": [8, 6.50778, 10.1352]},
			"faces": {
				"north": {"uv": [14, 14, 12, 16], "texture": "#0", "cullface": "north"},
				"east": {"uv": [12, 16, 14, 8], "rotation": 90, "texture": "#0"},
				"west": {"uv": [12, 16, 14, 8], "rotation": 90, "texture": "#0"},
				"up": {"uv": [12, 16, 14, 8], "texture": "#0"},
				"down": {"uv": [12, 16, 14, 8], "texture": "#0"}
			}
		},
		{
			"from": [12, 0, 2.25],
			"to": [14, 12.75, 4.25],
			"rotation": {"angle": 0, "axis": "y", "origin": [0, 0, 16]},
			"faces": {
				"north": {"uv": [2, 0, 0, 12.75], "texture": "#1"},
				"east": {"uv": [2, 0, 0, 12.75], "texture": "#1"},
				"south": {"uv": [2, 0, 0, 12.75], "texture": "#1"},
				"west": {"uv": [2, 0, 0, 12.75], "texture": "#1"},
				"down": {"uv": [0, 2, 2, 0], "texture": "#1", "cullface": "down"}
			}
		},
		{
			"from": [12, 0, 8],
			"to": [14, 7, 10],
			"rotation": {"angle": 0, "axis": "y", "origin": [0, 0, 16]},
			"faces": {
				"north": {"uv": [2, 0, 0, 7], "texture": "#1"},
				"east": {"uv": [2, 0, 0, 7], "texture": "#1"},
				"south": {"uv": [2, 0, 0, 7], "texture": "#1"},
				"west": {"uv": [2, 0, 0, 7], "texture": "#1"},
				"down": {"uv": [0, 2, 2, 0], "texture": "#1", "cullface": "down"}
			}
		},
		{
			"from": [2, 0, 8],
			"to": [4, 7, 10],
			"rotation": {"angle": 0, "axis": "y", "origin": [0, 0, 16]},
			"faces": {
				"north": {"uv": [2, 0, 0, 7], "texture": "#1"},
				"east": {"uv": [2, 0, 0, 7], "texture": "#1"},
				"south": {"uv": [2, 0, 0, 7], "texture": "#1"},
				"west": {"uv": [2, 0, 0, 7], "texture": "#1"},
				"down": {"uv": [0, 2, 2, 0], "texture": "#1", "cullface": "down"}
			}
		},
		{
			"from": [12, 0, 13.75],
			"to": [14, 1.5, 15.75],
			"rotation": {"angle": 0, "axis": "y", "origin": [0, 0, 16]},
			"faces": {
				"north": {"uv": [2, 0, 0, 1.5], "texture": "#1"},
				"east": {"uv": [2, 0, 0, 1.5], "texture": "#1"},
				"south": {"uv": [2, 0, 0, 1.5], "texture": "#1"},
				"west": {"uv": [2, 0, 0, 1.5], "texture": "#1"},
				"down": {"uv": [0, 2, 2, 0], "texture": "#1", "cullface": "down"}
			}
		},
		{
			"from": [2, 0, 13.75],
			"to": [4, 1.5, 15.75],
			"rotation": {"angle": 0, "axis": "y", "origin": [0, 0, 16]},
			"faces": {
				"north": {"uv": [2, 0, 0, 1.5], "texture": "#1"},
				"east": {"uv": [2, 0, 0, 1.5], "texture": "#1"},
				"south": {"uv": [2, 0, 0, 1.5], "texture": "#1"},
				"west": {"uv": [2, 0, 0, 1.5], "texture": "#1"},
				"down": {"uv": [0, 2, 2, 0], "texture": "#1", "cullface": "down"}
			}
		},
		{
			"from": [2, 0, 2.25],
			"to": [4, 12.75, 4.25],
			"rotation": {"angle": 0, "axis": "y", "origin": [0, 0, 16]},
			"faces": {
				"north": {"uv": [2, 0, 0, 12.75], "texture": "#1"},
				"east": {"uv": [2, 0, 0, 12.75], "texture": "#1"},
				"south": {"uv": [2, 0, 0, 12.75], "texture": "#1"},
				"west": {"uv": [2, 0, 0, 12.75], "texture": "#1"},
				"down": {"uv": [0, 2, 2, 0], "texture": "#1", "cullface": "down"}
			}
		},
		{
			"from": [6.9999, 10.39376, 5.5934],
			"to": [9.0009, 11.39476, 9.0944],
			"rotation": {"angle": 0, "axis": "x", "origin": [8.0004, 10.89426, 7.3439]},
			"faces": {
				"north": {"uv": [1, 12, 3.001, 13.001], "texture": "#3"},
				"east": {"uv": [11, 4, 14.501, 5.001], "texture": "#3"},
				"south": {"uv": [1, 8, 3.001, 9.001], "texture": "#3"},
				"west": {"uv": [3, 4, 6.501, 5.001], "texture": "#3"},
				"up": {"uv": [11.999, 8, 15.5, 10.001], "rotation": 90, "texture": "#3"},
				"down": {"uv": [1, 1, 3.001, 4.501], "texture": "#3"}
			}
		},
		{
			"from": [6.9999, 6.18431, 9.78274],
			"to": [9.0009, 9.68531, 10.78374],
			"rotation": {"angle": 0, "axis": "x", "origin": [8.0004, 7.93481, 10.28324]},
			"faces": {
				"north": {"uv": [1, 1, 3.001, 4.501], "rotation": 180, "texture": "#3"},
				"east": {"uv": [11, 4, 14.501, 5.001], "rotation": 270, "texture": "#3"},
				"south": {"uv": [7, 9, 10.501, 11.001], "rotation": 90, "texture": "#3"},
				"west": {"uv": [3, 4, 6.501, 5.001], "rotation": 90, "texture": "#3"},
				"up": {"uv": [1, 12, 3.001, 13.001], "rotation": 180, "texture": "#3"},
				"down": {"uv": [1, 8, 3.001, 9.001], "texture": "#3"}
			}
		},
		{
			"from": [6.6, 10.45, 6.6],
			"to": [7, 10.85, 8.6],
			"rotation": {"angle": 45, "axis": "x", "origin": [0.05, 0.05, 0]},
			"faces": {
				"east": {"uv": [4.5, 6.5, 5, 7], "texture": "#2"},
				"south": {"uv": [4.5, 6.5, 5, 7], "texture": "#2"},
				"west": {"uv": [4.5, 6.5, 5, 7], "texture": "#2"},
				"up": {"uv": [4.5, 6.5, 5, 7], "texture": "#2"},
				"down": {"uv": [4.5, 6.5, 5, 7], "texture": "#2"}
			}
		},
		{
			"from": [9, 10.45, 6.6],
			"to": [9.4, 10.85, 8.6],
			"rotation": {"angle": 45, "axis": "x", "origin": [0.05, 0.05, 0]},
			"faces": {
				"east": {"uv": [4.5, 6.5, 5, 7], "texture": "#2"},
				"south": {"uv": [4.5, 6.5, 5, 7], "texture": "#2"},
				"west": {"uv": [4.5, 6.5, 5, 7], "texture": "#2"},
				"up": {"uv": [4.5, 6.5, 5, 7], "texture": "#2"},
				"down": {"uv": [4.5, 6.5, 5, 7], "texture": "#2"}
			}
		},
		{
			"from": [6.6, 10.45, 2.6],
			"to": [7, 10.85, 4.6],
			"rotation": {"angle": 45, "axis": "x", "origin": [0.05, 0.05, 0]},
			"faces": {
				"east": {"uv": [4.5, 6.5, 5, 7], "texture": "#2"},
				"south": {"uv": [4.5, 6.5, 5, 7], "texture": "#2"},
				"west": {"uv": [4.5, 6.5, 5, 7], "texture": "#2"},
				"up": {"uv": [4.5, 6.5, 5, 7], "texture": "#2"},
				"down": {"uv": [4.5, 6.5, 5, 7], "texture": "#2"}
			}
		},
		{
			"from": [9, 10.45, 2.6],
			"to": [9.4, 10.85, 4.6],
			"rotation": {"angle": 45, "axis": "x", "origin": [0.05, 0.05, 0]},
			"faces": {
				"east": {"uv": [4.5, 6.5, 5, 7], "texture": "#2"},
				"south": {"uv": [4.5, 6.5, 5, 7], "texture": "#2"},
				"west": {"uv": [4.5, 6.5, 5, 7], "texture": "#2"},
				"up": {"uv": [4.5, 6.5, 5, 7], "texture": "#2"},
				"down": {"uv": [4.5, 6.5, 5, 7], "texture": "#2"}
			}
		},
		{
			"from": [6.6, 10.45, -5.4],
			"to": [7, 10.85, -3.4],
			"rotation": {"angle": 45, "axis": "x", "origin": [0.05, 0.05, 0]},
			"faces": {
				"east": {"uv": [4.5, 6.5, 5, 7], "texture": "#2"},
				"south": {"uv": [4.5, 6.5, 5, 7], "texture": "#2"},
				"west": {"uv": [4.5, 6.5, 5, 7], "texture": "#2"},
				"up": {"uv": [4.5, 6.5, 5, 7], "texture": "#2"},
				"down": {"uv": [4.5, 6.5, 5, 7], "texture": "#2"}
			}
		},
		{
			"from": [9, 10.45, -5.4],
			"to": [9.4, 10.85, -3.4],
			"rotation": {"angle": 45, "axis": "x", "origin": [0.05, 0.05, 0]},
			"faces": {
				"east": {"uv": [4.5, 6.5, 5, 7], "texture": "#2"},
				"south": {"uv": [4.5, 6.5, 5, 7], "texture": "#2"},
				"west": {"uv": [4.5, 6.5, 5, 7], "texture": "#2"},
				"up": {"uv": [4.5, 6.5, 5, 7], "texture": "#2"},
				"down": {"uv": [4.5, 6.5, 5, 7], "texture": "#2"}
			}
		},
		{
			"from": [6.6, 10.45, -9.4],
			"to": [7, 10.85, -7.4],
			"rotation": {"angle": 45, "axis": "x", "origin": [0.05, 0.05, 0]},
			"faces": {
				"east": {"uv": [4.5, 6.5, 5, 7], "texture": "#2"},
				"south": {"uv": [4.5, 6.5, 5, 7], "texture": "#2"},
				"west": {"uv": [4.5, 6.5, 5, 7], "texture": "#2"},
				"up": {"uv": [4.5, 6.5, 5, 7], "texture": "#2"},
				"down": {"uv": [4.5, 6.5, 5, 7], "texture": "#2"}
			}
		},
		{
			"from": [9, 10.45, -9.4],
			"to": [9.4, 10.85, -7.4],
			"rotation": {"angle": 45, "axis": "x", "origin": [0.05, 0.05, 0]},
			"faces": {
				"east": {"uv": [4.5, 6.5, 5, 7], "texture": "#2"},
				"south": {"uv": [4.5, 6.5, 5, 7], "texture": "#2"},
				"west": {"uv": [4.5, 6.5, 5, 7], "texture": "#2"},
				"up": {"uv": [4.5, 6.5, 5, 7], "texture": "#2"},
				"down": {"uv": [4.5, 6.5, 5, 7], "texture": "#2"}
			}
		}
	],
	"display": {
		"thirdperson_righthand": {
			"rotation": [75, 45, 0],
			"translation": [0, 2.5, 2.5],
			"scale": [0.375, 0.375, 0.375]
		},
		"thirdperson_lefthand": {
			"rotation": [75, 45, 0],
			"translation": [0, 2.5, 0],
			"scale": [0.375, 0.375, 0.375]
		},
		"firstperson_righthand": {
			"rotation": [0, 45, 0],
			"scale": [0.4, 0.4, 0.4]
		},
		"firstperson_lefthand": {
			"rotation": [0, 225, 0],
			"scale": [0.4, 0.4, 0.4]
		},
		"ground": {
			"translation": [0, 3, 0],
			"scale": [0.25, 0.25, 0.25]
		},
		"gui": {
			"rotation": [30, 225, 0],
			"scale": [0.625, 0.625, 0.625]
		},
		"fixed": {
			"scale": [0.5, 0.5, 0.5]
		}
	}
}