{
  "variants": {
	"powered=false,shape=north_south": {
      "model": "minecraft:block/rail/activator/activator_rail"
    },
    "powered=false,shape=east_west": {
      "model": "minecraft:block/rail/activator/activator_rail",
      "y": 90
    },
	
	"powered=true,shape=east_west": {
      "model": "minecraft:block/rail/activator/activator_rail_on",
      "y": 90
    },
    "powered=true,shape=north_south": {
      "model": "minecraft:block/rail/activator/activator_rail_on"
    },
	
	"powered=false,shape=ascending_north": {
      "model": "minecraft:block/rail/activator/activator_rail_raised"
    },
    "powered=false,shape=ascending_east": {
      "model": "minecraft:block/rail/activator/activator_rail_raised",
      "y": 90
    },
    "powered=false,shape=ascending_south": {
      "model": "minecraft:block/rail/activator/activator_rail_raised",
	  "y": 180
    },
    "powered=false,shape=ascending_west": {
      "model": "minecraft:block/rail/activator/activator_rail_raised",
      "y": 270
    },
	
    "powered=true,shape=ascending_north": {
      "model": "minecraft:block/rail/activator/activator_rail_on_raised"
    },
	"powered=true,shape=ascending_east": {
      "model": "minecraft:block/rail/activator/activator_rail_on_raised",
      "y": 90
    },
    "powered=true,shape=ascending_south": {
      "model": "minecraft:block/rail/activator/activator_rail_on_raised",
	  "y": 180
    },
    "powered=true,shape=ascending_west": {
      "model": "minecraft:block/rail/activator/activator_rail_on_raised",
      "y": 270
    }
  }
}