{
  "variants": {
    "persistent=true,distance=1": {"model": "minecraft:block/flowering_azalea_leaves_1"},
    "persistent=true,distance=2": {"model": "minecraft:block/flowering_azalea_leaves_2"},
    "persistent=true,distance=3": {"model": "minecraft:block/flowering_azalea_leaves_3"},
    "persistent=true,distance=4": {"model": "minecraft:block/flowering_azalea_leaves_4"},
    "persistent=true,distance=5": {"model": "minecraft:block/flowering_azalea_leaves_5"},
    "persistent=true,distance=6": {"model": "minecraft:block/flowering_azalea_leaves_6"},
    "persistent=true,distance=7": {"model": "minecraft:block/flowering_azalea_leaves_7"},
    "persistent=false": {"model": "minecraft:block/flowering_azalea_leaves_7"}
  }
}