{
    "comment": "JSON written by ToeStub",
    "variants": {
        "age=0": [
            { "model": "block/potatoes/potatoes_stage0" },
            { "model": "block/potatoes/potatoes_stage0a" },
            { "model": "block/potatoes/potatoes_stage0b" },
            { "model": "block/potatoes/potatoes_stage0c" },
            { "model": "block/potatoes/potatoes_stage0c" },
            { "model": "block/potatoes/potatoes_stage0d" },
            { "model": "block/potatoes/potatoes_stage0e" },
            { "model": "block/potatoes/potatoes_stage0f" },
            { "model": "block/potatoes/potatoes_stage0g" },
            { "model": "block/potatoes/potatoes_stage0h" },
            { "model": "block/potatoes/potatoes_stage0i" },
            { "model": "block/potatoes/potatoes_stage0j" },
            { "model": "block/potatoes/potatoes_stage0k" },
            { "model": "block/potatoes/potatoes_stage0l" },
            { "model": "block/potatoes/potatoes_stage0m" }
        ],
        "age=1": [
            { "model": "block/potatoes/potatoes_stage0" },
            { "model": "block/potatoes/potatoes_stage0a" },
            { "model": "block/potatoes/potatoes_stage0b" },
            { "model": "block/potatoes/potatoes_stage0c" },
            { "model": "block/potatoes/potatoes_stage0c" },
            { "model": "block/potatoes/potatoes_stage0d" },
            { "model": "block/potatoes/potatoes_stage0e" },
            { "model": "block/potatoes/potatoes_stage0f" },
            { "model": "block/potatoes/potatoes_stage0g" },
            { "model": "block/potatoes/potatoes_stage0h" },
            { "model": "block/potatoes/potatoes_stage0i" },
            { "model": "block/potatoes/potatoes_stage0j" },
            { "model": "block/potatoes/potatoes_stage0k" },
            { "model": "block/potatoes/potatoes_stage0l" },
            { "model": "block/potatoes/potatoes_stage0m" }
        ],
        "age=2": [
            { "model": "block/potatoes/potatoes_stage1" },
            { "model": "block/potatoes/potatoes_stage1a" },
            { "model": "block/potatoes/potatoes_stage1b" },
            { "model": "block/potatoes/potatoes_stage1c" },
            { "model": "block/potatoes/potatoes_stage1c" },
            { "model": "block/potatoes/potatoes_stage1d" },
            { "model": "block/potatoes/potatoes_stage1e" },
            { "model": "block/potatoes/potatoes_stage1f" },
            { "model": "block/potatoes/potatoes_stage1g" },
            { "model": "block/potatoes/potatoes_stage1h" },
            { "model": "block/potatoes/potatoes_stage1i" },
            { "model": "block/potatoes/potatoes_stage1j" },
            { "model": "block/potatoes/potatoes_stage1k" },
            { "model": "block/potatoes/potatoes_stage1l" },
            { "model": "block/potatoes/potatoes_stage1m" }
        ],
        "age=3": [
            { "model": "block/potatoes/potatoes_stage1" },
            { "model": "block/potatoes/potatoes_stage1a" },
            { "model": "block/potatoes/potatoes_stage1b" },
            { "model": "block/potatoes/potatoes_stage1c" },
            { "model": "block/potatoes/potatoes_stage1c" },
            { "model": "block/potatoes/potatoes_stage1d" },
            { "model": "block/potatoes/potatoes_stage1e" },
            { "model": "block/potatoes/potatoes_stage1f" },
            { "model": "block/potatoes/potatoes_stage1g" },
            { "model": "block/potatoes/potatoes_stage1h" },
            { "model": "block/potatoes/potatoes_stage1i" },
            { "model": "block/potatoes/potatoes_stage1j" },
            { "model": "block/potatoes/potatoes_stage1k" },
            { "model": "block/potatoes/potatoes_stage1l" },
            { "model": "block/potatoes/potatoes_stage1m" }
        ],
        "age=4": [
            { "model": "block/potatoes/potatoes_stage2" },
            { "model": "block/potatoes/potatoes_stage2a" },
            { "model": "block/potatoes/potatoes_stage2b" },
            { "model": "block/potatoes/potatoes_stage2c" },
            { "model": "block/potatoes/potatoes_stage2c" },
            { "model": "block/potatoes/potatoes_stage2d" },
            { "model": "block/potatoes/potatoes_stage2e" },
            { "model": "block/potatoes/potatoes_stage2f" },
            { "model": "block/potatoes/potatoes_stage2g" },
            { "model": "block/potatoes/potatoes_stage2h" },
            { "model": "block/potatoes/potatoes_stage2i" },
            { "model": "block/potatoes/potatoes_stage2j" },
            { "model": "block/potatoes/potatoes_stage2k" },
            { "model": "block/potatoes/potatoes_stage2l" },
            { "model": "block/potatoes/potatoes_stage2m" }
        ],
        "age=5": [
            { "model": "block/potatoes/potatoes_stage2" },
            { "model": "block/potatoes/potatoes_stage2a" },
            { "model": "block/potatoes/potatoes_stage2b" },
            { "model": "block/potatoes/potatoes_stage2c" },
            { "model": "block/potatoes/potatoes_stage2c" },
            { "model": "block/potatoes/potatoes_stage2d" },
            { "model": "block/potatoes/potatoes_stage2e" },
            { "model": "block/potatoes/potatoes_stage2f" },
            { "model": "block/potatoes/potatoes_stage2g" },
            { "model": "block/potatoes/potatoes_stage2h" },
            { "model": "block/potatoes/potatoes_stage2i" },
            { "model": "block/potatoes/potatoes_stage2j" },
            { "model": "block/potatoes/potatoes_stage2k" },
            { "model": "block/potatoes/potatoes_stage2l" },
            { "model": "block/potatoes/potatoes_stage2m" }
        ],
        "age=6": [
            { "model": "block/potatoes/potatoes_stage2" },
            { "model": "block/potatoes/potatoes_stage2a" },
            { "model": "block/potatoes/potatoes_stage2b" },
            { "model": "block/potatoes/potatoes_stage2c" },
            { "model": "block/potatoes/potatoes_stage2c" },
            { "model": "block/potatoes/potatoes_stage2d" },
            { "model": "block/potatoes/potatoes_stage2e" },
            { "model": "block/potatoes/potatoes_stage2f" },
            { "model": "block/potatoes/potatoes_stage2g" },
            { "model": "block/potatoes/potatoes_stage2h" },
            { "model": "block/potatoes/potatoes_stage2i" },
            { "model": "block/potatoes/potatoes_stage2j" },
            { "model": "block/potatoes/potatoes_stage2k" },
            { "model": "block/potatoes/potatoes_stage2l" },
            { "model": "block/potatoes/potatoes_stage2m" }
        ],
        "age=7": [
            { "model": "block/potatoes/potatoes_stage3" },
            { "model": "block/potatoes/potatoes_stage3a" },
            { "model": "block/potatoes/potatoes_stage3b" },
            { "model": "block/potatoes/potatoes_stage3c" },
            { "model": "block/potatoes/potatoes_stage3c" },
            { "model": "block/potatoes/potatoes_stage3d" },
            { "model": "block/potatoes/potatoes_stage3e" },
            { "model": "block/potatoes/potatoes_stage3f" },
            { "model": "block/potatoes/potatoes_stage3g" },
            { "model": "block/potatoes/potatoes_stage3h" },
            { "model": "block/potatoes/potatoes_stage3i" },
            { "model": "block/potatoes/potatoes_stage3j" },
            { "model": "block/potatoes/potatoes_stage3k" },
            { "model": "block/potatoes/potatoes_stage3l" },
            { "model": "block/potatoes/potatoes_stage3m" }
        ]
    }
}
