{
  "multipart": [

    {"apply": {"model": "minecraft:block/potted_warped_roots"}},

    {"apply": [{"model": "minecraft:block/warped_roots_butterfly"},
	       {"model": "minecraft:block/warped_roots_butterfly","y": 90},
	       {"model": "minecraft:block/warped_roots_butterfly","y": 180},
	       {"model": "minecraft:block/warped_roots_butterfly","y": 270},

	       {"model": "minecraft:block/warped_roots_butterfly_up"},
	       {"model": "minecraft:block/warped_roots_butterfly_up","y": 90},
	       {"model": "minecraft:block/warped_roots_butterfly_up","y": 180},
	       {"model": "minecraft:block/warped_roots_butterfly_up","y": 270},

	       {"model": "minecraft:block/air","weight": 32}]}

  ]
}