{
  "multipart": [

    {"apply": {"model": "minecraft:block/red_tulip"}},

    {"apply": [{"model": "minecraft:block/red_tulip_butterfly"},
	       {"model": "minecraft:block/red_tulip_butterfly","y": 90},
	       {"model": "minecraft:block/red_tulip_butterfly","y": 180},
	       {"model": "minecraft:block/red_tulip_butterfly","y": 270},

	       {"model": "minecraft:block/red_tulip_butterfly_up"},
	       {"model": "minecraft:block/red_tulip_butterfly_up","y": 90},
	       {"model": "minecraft:block/red_tulip_butterfly_up","y": 180},
	       {"model": "minecraft:block/red_tulip_butterfly_up","y": 270},

	       {"model": "minecraft:block/air","weight": 72}]}

  ]
}