{
  "multipart": [

    {"apply": {"model": "minecraft:block/wither_rose"}},

    {"apply": [{"model": "minecraft:block/wither_rose_butterfly"},
	       {"model": "minecraft:block/wither_rose_butterfly","y": 90},
	       {"model": "minecraft:block/wither_rose_butterfly","y": 180},
	       {"model": "minecraft:block/wither_rose_butterfly","y": 270},

	       {"model": "minecraft:block/wither_rose_butterfly_up"},
	       {"model": "minecraft:block/wither_rose_butterfly_up","y": 90},
	       {"model": "minecraft:block/wither_rose_butterfly_up","y": 180},
	       {"model": "minecraft:block/wither_rose_butterfly_up","y": 270},

	       {"model": "minecraft:block/air","weight": 72}]}

  ]
}