{
	"timeday": {
		"category": "ambient",
		"sounds": [
			{
				"name": "custom/time_Day",
				"stream": true
			}
		]
	},
	"timenight": {
		"category": "ambient",
		"sounds": [
			{
				"name": "custom/time_Night",
				"stream": true
			}
		]
	},
	"timemidnight": {
		"category": "ambient",
		"sounds": [
			{
				"name": "custom/time_Midnight",
				"stream": true
			}
		]
	},
	"timequarterbell": {
		"category": "ambient",
		"sounds": [
			{
				"name": "custom/time_QuarterBell",
				"stream": true
			}
		]
	},
	"timemorningchicken": {
		"category": "ambient",
		"sounds": [
			{
				"name": "custom/time_MorningChicken",
				"stream": true
			}
		]
	},
	"itembedusea": {
		"category": "block",
		"sounds": [
			{
				"name": "custom/itemBed_MovementEnterB0",
				"stream": true
			}
		]
	},
	"itembeduseb": {
		"category": "block",
		"sounds": [
			{
				"name": "custom/itemBed_MovementExitA1",
				"stream": true
			}
		]
	},
	"itemget": {
		"category": "voice",
		"sounds": [
			{
				"name": "custom/item_Get",
				"stream": true
			}
		]
	},
	"itemdrop": {
		"category": "voice",
		"sounds": [
			{
				"name": "custom/item_Drop",
				"stream": true
			}
		]
	},
	"interfacewindow": {
		"category": "player",
		"sounds": [
			{
				"name": "custom/interface_Window",
				"stream": true
			}
		]
	},
	"interfaceselecthighlight": {
		"category": "player",
		"sounds": [
			{
				"name": "custom/interface_SelectHighlight",
				"stream": true
			}
		]
	},
	"interfaceselectenter": {
		"category": "player",
		"sounds": [
			{
				"name": "custom/interface_SelectEnter",
				"stream": true
			}
		]
	},
	"interfaceselectfail": {
		"category": "player",
		"sounds": [
			{
				"name": "custom/interface_SelectFail",
				"stream": true
			}
		]
	}
}