{
	"credit": "Made by N0do | GMnodo",
	"parent": "minecraft:block/cube_column",
	"textures": {
		"1": "modeltextures/red_mushroom_block",
		"2": "modeltextures/mushroom_stem",
		"3": "modeltextures/mushroom_block_inside",
		"particle": "modeltextures/red_mushroom_block"
	},
	"elements": [
		{
			"from": [7.25, 0, 7.25],
			"to": [8.75, 6, 8.75],
			"faces": {
				"north": {"uv": [14, 0, 16, 6], "texture": "#2"},
				"east": {"uv": [10, 4, 12, 10], "texture": "#2"},
				"south": {"uv": [0, 0, 2, 6], "texture": "#2"},
				"west": {"uv": [3, 5, 5, 11], "texture": "#2"},
				"down": {"uv": [13, 10, 15, 12], "texture": "#2", "cullface": "down"}
			}
		},
		{
			"from": [5, 6, 5],
			"to": [11, 7.5, 11],
			"faces": {
				"north": {"uv": [3, 7, 9, 8.5], "texture": "#1"},
				"east": {"uv": [0, 0, 6, 1.5], "texture": "#1"},
				"south": {"uv": [0, 0, 6, 1.5], "texture": "#1"},
				"west": {"uv": [0, 0, 6, 1.5], "texture": "#1"},
				"up": {"uv": [3, 3, 9, 9], "texture": "#1"},
				"down": {"uv": [0, 0, 6, 6], "texture": "#3"}
			}
		},
		{
			"from": [6, 7, 6],
			"to": [10, 8.5, 10],
			"faces": {
				"north": {"uv": [0, 4, 4, 5.5], "texture": "#1"},
				"east": {"uv": [0, 0, 4, 1.5], "texture": "#1"},
				"south": {"uv": [0, 0, 4, 1.5], "texture": "#1"},
				"west": {"uv": [4, 3, 8, 4.5], "texture": "#1"},
				"up": {"uv": [4, 4, 8, 8], "texture": "#1"}
			}
		},
		{
			"from": [4, 4.5, 4],
			"to": [11.75, 6, 5],
			"faces": {
				"north": {"uv": [0, 0, 9, 1.5], "texture": "#1"},
				"east": {"uv": [0, 0, 1.5, 1.5], "texture": "#1"},
				"south": {"uv": [0, 0, 9, 1.5], "texture": "#3"},
				"west": {"uv": [0, 0, 1.5, 1.5], "texture": "#1"},
				"up": {"uv": [0, 0, 9, 1.5], "texture": "#1"},
				"down": {"uv": [0, 0, 9, 1.5], "texture": "#3"}
			}
		},
		{
			"from": [4, 4.5, 11],
			"to": [11.75, 6, 12],
			"faces": {
				"north": {"uv": [0, 0, 9, 1.5], "texture": "#3"},
				"east": {"uv": [0, 0, 1.5, 1.5], "texture": "#1"},
				"south": {"uv": [0, 7, 9, 8.5], "texture": "#1"},
				"west": {"uv": [0, 0, 1.5, 1.5], "texture": "#1"},
				"up": {"uv": [0, 0, 9, 1.5], "texture": "#1"},
				"down": {"uv": [0, 0, 9, 1.5], "texture": "#3"}
			}
		},
		{
			"from": [11, 4.5, 5],
			"to": [11.75, 6, 11],
			"faces": {
				"east": {"uv": [0, 3, 6, 4.5], "texture": "#1"},
				"west": {"uv": [0, 0, 6, 1.5], "texture": "#3"},
				"up": {"uv": [0, 0, 1.5, 6], "texture": "#1"},
				"down": {"uv": [11, 5, 12.5, 11], "texture": "#3"}
			}
		},
		{
			"from": [4, 4.5, 5],
			"to": [5, 6, 11],
			"faces": {
				"east": {"uv": [0, 0, 6, 1.5], "texture": "#3"},
				"west": {"uv": [1, 2, 7, 3.5], "texture": "#1"},
				"up": {"uv": [0, 0, 1.5, 6], "texture": "#1"},
				"down": {"uv": [14, 1, 15.5, 7], "texture": "#3"}
			}
		}
	],
	"display": {
		"thirdperson_righthand": {
			"rotation": [75, 45, 0],
			"translation": [0, 2.5, 0],
			"scale": [0.375, 0.375, 0.375]
		},
		"thirdperson_lefthand": {
			"rotation": [75, 45, 0],
			"translation": [0, 2.5, 0],
			"scale": [0.375, 0.375, 0.375]
		},
		"firstperson_righthand": {
			"rotation": [0, 45, 0],
			"scale": [0.4, 0.4, 0.4]
		},
		"firstperson_lefthand": {
			"rotation": [0, 225, 0],
			"scale": [0.4, 0.4, 0.4]
		},
		"ground": {
			"translation": [0, 3, 0],
			"scale": [0.25, 0.25, 0.25]
		},
		"gui": {
			"rotation": [30, 225, 0],
			"scale": [0.625, 0.625, 0.625]
		},
		"fixed": {
			"scale": [0.5, 0.5, 0.5]
		}
	}
}