{
	"__comment": "Designed by Philosophical",
	"ambientocclusion": false,
	"textures": {
		"torch": "block/redstone_torch_1"
	},
	"elements": [
		{
			"from": [ 7, 0, 7 ],
			"to": [ 9, 8, 9 ],
			"faces": {
				"down": { "uv": [ 8, 15, 9, 16 ], "texture": "#torch" },
				"north": { "uv": [ 7, 8, 9, 16 ], "texture": "#torch" },
				"south": { "uv": [ 11, 8, 13, 16 ], "texture": "#torch" },
				"west": { "uv": [ 9, 8, 11, 16 ], "texture": "#torch" },
				"east": { "uv": [ 5, 8, 7, 16 ], "texture": "#torch" }
			}
		},
		{
			"__comment": "Cube5",
			"from": [ 7, 8, 7 ],
			"to": [ 9, 10, 9 ],
			"shade": false,
			"faces": {
				"up": { "uv": [ 9, 6, 7, 4 ], "texture": "#torch" },
				"north": { "uv": [ 7, 6, 9, 8 ], "texture": "#torch" },
				"south": { "uv": [ 11, 6, 13, 8 ], "texture": "#torch" },
				"west": { "uv": [ 9, 6, 11, 8 ], "texture": "#torch" },
				"east": { "uv": [ 5, 6, 7, 8 ], "texture": "#torch" }
			}
		}
	],
	"display": {
        "gui": {
            "rotation": [ 30, 225, 0 ],
            "translation": [ 0, 2, 0],
            "scale":[ 1, 1, 1 ]
        },
        "ground": {
            "rotation": [ 0, 0, 0 ],
            "translation": [ 0, 3, 0],
            "scale":[ 0.5, 0.5, 0.5 ]
        },
        "fixed": {
            "rotation": [ 0, 0, 0 ],
            "translation": [ 0, 0, 0],
            "scale":[ 0.5, 0.5, 0.5 ]
        },
        "thirdperson_righthand": {
            "rotation": [ 0, 0, 0 ],
            "translation": [ 0, 4, 0],
            "scale": [ 0.7, 0.7, 0.7 ]
        },
        "firstperson_righthand": {
            "rotation": [ 0, 45, 0 ],
            "translation": [ 0, 3, 0 ],
            "scale": [ 0.7, 0.7, 0.7 ]
        },
        "firstperson_lefthand": {
            "rotation": [ 0, 225, 0 ],
            "translation": [ 0, 3, 0 ],
            "scale": [ 0.7, 0.7, 0.7 ]
        }
    }
}