{
	"credit": "Made by N0do | GMnodo",
	"textures": {
		"0": "modeltextures/rail",
		"1": "modeltextures/spruce_planks",
		"particle": "modeltextures/rail"
	},
	"elements": [
		{
			"from": [0.9999, 0, 0.9999],
			"to": [15.0009, 2.001, 3.0009],
			"faces": {
				"north": {"uv": [1, 12, 15, 14], "texture": "#1"},
				"east": {"uv": [11, 4, 13, 6], "texture": "#1"},
				"south": {"uv": [1, 8, 15, 10], "texture": "#1"},
				"west": {"uv": [3, 4, 5, 6], "texture": "#1"},
				"up": {"uv": [1, 13, 15, 15], "texture": "#1"},
				"down": {"uv": [1, 1, 15, 3], "texture": "#1", "cullface": "down"}
			}
		},
		{
			"from": [0.9999, 0, 4.9999],
			"to": [15.0009, 2.001, 7.0009],
			"faces": {
				"north": {"uv": [1, 12, 15, 14], "texture": "#1"},
				"east": {"uv": [11, 4, 13, 6], "texture": "#1"},
				"south": {"uv": [1, 8, 15, 10], "texture": "#1"},
				"west": {"uv": [3, 4, 5, 6], "texture": "#1"},
				"up": {"uv": [1, 13, 15, 15], "texture": "#1"},
				"down": {"uv": [1, 1, 15, 3], "texture": "#1", "cullface": "down"}
			}
		},
		{
			"from": [0.9999, 0, 8.9999],
			"to": [15.0009, 2.001, 11.0009],
			"faces": {
				"north": {"uv": [1, 12, 15, 14], "texture": "#1"},
				"east": {"uv": [11, 4, 13, 6], "texture": "#1"},
				"south": {"uv": [1, 8, 15, 10], "texture": "#1"},
				"west": {"uv": [3, 4, 5, 6], "texture": "#1"},
				"up": {"uv": [1, 13, 15, 15], "texture": "#1"},
				"down": {"uv": [1, 1, 15, 3], "texture": "#1", "cullface": "down"}
			}
		},
		{
			"from": [0.9999, 0, 12.9999],
			"to": [15.0009, 2.001, 15.0009],
			"faces": {
				"north": {"uv": [1, 12, 15, 14], "texture": "#1"},
				"east": {"uv": [11, 4, 13, 6], "texture": "#1"},
				"south": {"uv": [1, 8, 15, 10], "texture": "#1"},
				"west": {"uv": [3, 4, 5, 6], "texture": "#1"},
				"up": {"uv": [1, 13, 15, 15], "texture": "#1"},
				"down": {"uv": [1, 1, 15, 3], "texture": "#1", "cullface": "down"}
			}
		},
		{
			"from": [2, 1, 0],
			"to": [4, 3, 16],
			"faces": {
				"north": {"uv": [4, 0, 2, 2], "texture": "#0", "cullface": "north"},
				"east": {"uv": [2, 0, 4, 16], "rotation": 90, "texture": "#0"},
				"south": {"uv": [2, 14, 4, 16], "texture": "#0", "cullface": "south"},
				"west": {"uv": [2, 0, 4, 16], "rotation": 90, "texture": "#0"},
				"up": {"uv": [2, 0, 4, 16], "texture": "#0"},
				"down": {"uv": [2, 0, 4, 16], "texture": "#0"}
			}
		},
		{
			"from": [12, 1, 0],
			"to": [14, 3, 16],
			"faces": {
				"north": {"uv": [14, 0, 12, 2], "texture": "#0", "cullface": "north"},
				"east": {"uv": [12, 0, 14, 16], "rotation": 90, "texture": "#0"},
				"south": {"uv": [12, 14, 14, 16], "texture": "#0", "cullface": "south"},
				"west": {"uv": [12, 0, 14, 16], "rotation": 90, "texture": "#0"},
				"up": {"uv": [12, 0, 14, 16], "texture": "#0"},
				"down": {"uv": [12, 0, 14, 16], "texture": "#0"}
			}
		},
		{
			"from": [7, 1, 7],
			"to": [9, 2, 9],
			"faces": {
				"east": {"uv": [0, 0, 2, 1], "texture": "#1"},
				"west": {"uv": [0, 0, 2, 1], "texture": "#1"},
				"down": {"uv": [0, 0, 2, 2], "texture": "#1"}
			}
		},
		{
			"from": [6, 2, 6],
			"to": [10, 3, 10],
			"rotation": {"angle": 0, "axis": "y", "origin": [0, -1, 0]},
			"faces": {
				"north": {"uv": [0, 0, 4, 1], "texture": "#1"},
				"east": {"uv": [0, 0, 4, 1], "texture": "#1"},
				"south": {"uv": [0, 0, 4, 1], "texture": "#1"},
				"west": {"uv": [0, 0, 4, 1], "texture": "#1"},
				"up": {"uv": [0, 0, 4, 4], "texture": "#1"},
				"down": {"uv": [0, 0, 4, 4], "texture": "#1"}
			}
		},
		{
			"from": [6, 1.79289, 5.5],
			"to": [9.999, 2.79289, 6.5],
			"rotation": {"angle": -45, "axis": "x", "origin": [8, 2.29289, 6]},
			"faces": {
				"north": {"uv": [0, 0, 4, 1], "texture": "#1"},
				"east": {"uv": [0, 0, 1, 1], "texture": "#1"},
				"west": {"uv": [0, 0, 1, 1], "texture": "#1"},
				"up": {"uv": [0, 0, 4, 1], "texture": "#1"}
			}
		},
		{
			"from": [6.001, 1.79289, 9.5],
			"to": [10.0009, 2.79289, 10.5],
			"rotation": {"angle": 45, "axis": "x", "origin": [8, 2.29289, 10]},
			"faces": {
				"north": {"uv": [0, 0, 4, 1], "texture": "#1"},
				"east": {"uv": [0, 0, 1, 1], "texture": "#1"},
				"south": {"uv": [0, 0, 4, 1], "texture": "#1"},
				"west": {"uv": [0, 0, 1, 1], "texture": "#1"},
				"up": {"uv": [0, 0, 4, 1], "texture": "#1"},
				"down": {"uv": [0, 0, 4, 1], "texture": "#1"}
			}
		}
	],
	"display": {
		"thirdperson_righthand": {
			"rotation": [75, 45, 0],
			"translation": [0, 2.5, 2.5],
			"scale": [0.375, 0.375, 0.375]
		},
		"thirdperson_lefthand": {
			"rotation": [75, 45, 0],
			"translation": [0, 2.5, 0],
			"scale": [0.375, 0.375, 0.375]
		},
		"firstperson_righthand": {
			"rotation": [0, 45, 0],
			"scale": [0.4, 0.4, 0.4]
		},
		"firstperson_lefthand": {
			"rotation": [0, 225, 0],
			"scale": [0.4, 0.4, 0.4]
		},
		"ground": {
			"translation": [0, 3, 0],
			"scale": [0.25, 0.25, 0.25]
		},
		"gui": {
			"rotation": [30, 225, 0],
			"scale": [0.625, 0.625, 0.625]
		},
		"fixed": {
			"scale": [0.5, 0.5, 0.5]
		}
	}
}